utc,julian_date_ut,goes18_teme_x_km,goes18_teme_y_km,goes18_teme_z_km,goes18_teme_vx_km_s,goes18_teme_vy_km_s,goes18_teme_vz_km_s,goes18_gcrs_x_km,goes18_gcrs_y_km,goes18_gcrs_z_km,earth_from_goes_x_km,earth_from_goes_y_km,earth_from_goes_z_km,moon_from_goes_x_km,moon_from_goes_y_km,moon_from_goes_z_km,sun_from_goes_x_km,sun_from_goes_y_km,sun_from_goes_z_km
2026-08-26T00:00:00Z,2461278.500000000,-40195.355116703,-12738.268991668,-28.665481905,0.928896964,-2.931035180,0.000009044,-40270.492962875,-12498.495759321,76.758407001,40270.492962875,12498.495759321,-76.758407001,281025.352288979,-272501.600144657,-138772.977025397,-133974729.915141568,64228413.788619548,27837035.607575875
2026-08-26T00:05:00Z,2461278.503472222,-39907.096966341,-13614.442875214,-28.647466977,0.992786135,-2.910016451,0.000056200,-39987.462441515,-13376.371898339,76.066329676,39987.462441515,13376.371898339,-76.066329676,280971.709244455,-271462.080270515,-138674.214082884,-133979002.108572200,64222056.351313069,27833900.290012475
2026-08-26T00:10:00Z,2461278.506944444,-39599.742968462,-14484.102135741,-28.614873090,1.056200282,-2.887605245,0.000103304,-39685.297618541,-14247.847334315,75.338726144,39685.297618541,14247.847334315,-75.338726144,280898.795540138,-270428.797647086,-138575.335991796,-133983292.974810719,64215692.293394007,27830764.912752729
2026-08-26T00:15:00Z,2461278.510416667,-39273.440185285,-15346.830631355,-28.567722061,1.119109058,-2.863812287,0.000150333,-39364.143073080,-15112.505056439,74.575938278,39364.143073080,15112.505056439,-74.575938278,280806.755611581,-269402.169365162,-138476.343144192,-133987602.369265288,64209321.197874978,27827629.475464657
2026-08-26T00:20:00Z,2461278.513888889,-38928.344746966,-16202.215536442,-28.506043111,1.181482359,-2.838648960,0.000197262,-39024.152471785,-15969.931316075,73.778324351,39024.152471785,15969.931316075,-73.778324351,280695.742983921,-268382.609250127,-138377.235947241,-133991930.138255715,64202942.651031144,27824493.977800161
2026-08-26T00:25:00Z,2461278.517361111,-38564.621776891,-17049.847539254,-28.429872848,1.243290336,-2.812127306,0.000244068,-38665.488495306,-16819.715824795,72.946258867,38665.488495306,16819.715824795,-72.946258867,280565.920191479,-267370.527678096,-138278.014829043,-133996276.119088173,64196556.242597535,27821358.419394691
2026-08-26T00:30:00Z,2461278.520833333,-38182.445312659,-17889.321037825,-28.339255244,1.304503410,-2.784260016,0.000290727,-38288.322760436,-17661.451950763,72.080132387,38288.322760436,17661.451950763,-72.080132387,280417.458713502,-266366.331350745,-138178.680226022,-134000640.140132919,64190161.565965831,27818222.799867760
2026-08-26T00:35:00Z,2461278.524305556,-37781.998222793,-18720.234334101,-28.234241617,1.365092288,-2.755060424,0.000337215,-37892.835737994,-18494.736913354,71.180351337,37892.835737994,18494.736913354,-71.180351337,280250.538869728,-265370.423143951,-138079.232601494,-134005022.020906314,64183758.218378864,27815087.118822791
2026-08-26T00:40:00Z,2461278.527777778,-37363.472119238,-19542.189826199,-28.114890604,1.425027975,-2.724542502,0.000383508,-37479.216666458,-19319.171975930,70.247337824,37479.216666458,19319.171975930,-70.247337824,280065.349761472,-264383.201864167,-137979.672423452,-134009421.572156891,64177345.801123671,27811951.375847857
2026-08-26T00:45:00Z,2461278.531250000,-36927.067265658,-20354.794198713,-27.981268125,1.484281788,-2.692720855,0.000429584,-37047.663461405,-20134.362636695,69.281529430,37047.663461405,20134.362636695,-69.281529430,279862.089160138,-263405.062097604,-137880.000181668,-134013838.595955655,64170923.919721775,27808815.570515305
2026-08-26T00:50:00Z,2461278.534722222,-36472.992481595,-21157.658610969,-27.833447354,1.542825373,-2.659610709,0.000475418,-36598.382620789,-20939.918817514,68.283379010,36598.382620789,20939.918817514,-68.283379010,279640.963423180,-262436.393996860,-137780.216376935,-134018272.885787636,64164492.184125900,27805679.702385440
2026-08-26T00:55:00Z,2461278.538194444,-36001.465042536,-21950.398883128,-27.671508680,1.600630713,-2.625227909,0.000520988,-36131.589126122,-21735.455050611,67.253354473,36131.589126122,21735.455050611,-67.253354473,279402.187383223,-261477.583124453,-137680.321533851,-134022724.226667985,64158050.208874069,27802543.770992581
2026-08-26T01:00:00Z,2461278.541666667,-35512.710575924,-22732.635680072,-27.495539664,1.657670144,-2.589588908,0.000566269,-35647.506339590,-22520.590663060,66.191938568,35647.506339590,22520.590663060,-66.191938568,279145.984266931,-260529.010220529,-137580.316179925,-134027192.395211324,64151597.613334686,27799407.775871862
2026-08-26T01:05:00Z,2461278.545138889,-35006.962953179,-23503.994692955,-27.305634995,1.713916372,-2.552710760,0.000611241,-35146.365897141,-23294.949958994,65.099628650,35146.365897141,23294.949958994,-65.099628650,278872.585558810,-259591.051076466,-137480.200869603,-134031677.159775376,64145134.021824390,27796271.716531064
2026-08-26T01:10:00Z,2461278.548611111,-34484.464177764,-24264.106818363,-27.101896441,1.769342479,-2.514611114,0.000655878,-34628.407597638,-24058.162399416,63.976936450,34628.407597638,24058.162399416,-63.976936450,278582.230924080,-258664.076298227,-137379.976159264,-134036178.280545652,64138659.063831739,27793135.592470203
2026-08-26T01:15:00Z,2461278.552083333,-33945.464269363,-25012.608334970,-26.884432795,1.823921942,-2.475308200,0.000700159,-34093.879288080,-24809.862779549,62.824387829,34093.879288080,24809.862779549,-62.824387829,278275.168058460,-257748.451186664,-137279.642632125,-134040695.509662464,64132172.374174938,27789999.403173313
2026-08-26T01:20:00Z,2461278.555555556,-33390.221144217,-25749.141077628,-26.653359820,1.877628641,-2.434820829,0.000744062,-33543.036744989,-25549.691403628,61.642522538,33543.036744989,25549.691403628,-61.642522538,277951.652602206,-256844.535507996,-137179.200874093,-134045228.591335520,64125673.593182623,27786863.148110922
2026-08-26T01:25:00Z,2461278.559027778,-32819.000491681,-26473.352608786,-26.408800193,1.930436876,-2.393168374,0.000787564,-32976.143551981,-26277.294257060,60.431893956,32976.143551981,26277.294257060,-60.431893956,277611.947994000,-255952.683362759,-137078.651491513,-134049777.261969224,64119162.366862833,27783726.826739203
2026-08-26T01:30:00Z,2461278.562500000,-32232.075647065,-27184.896387173,-26.150883432,1.982321376,-2.350370769,0.000830643,-32393.470973620,-26992.323175858,59.193068834,32393.470973620,26992.323175858,-59.193068834,277256.325358037,-255073.242993092,-136977.995100709,-134054341.250284806,64112638.347075522,27780590.438501731
2026-08-26T01:35:00Z,2461278.565972222,-31629.727460803,-27883.431933661,-25.879745842,2.033257311,-2.306448493,0.000873277,-31795.297825578,-27694.436013281,57.926627029,31795.297825578,27694.436013281,-57.926627029,276885.063363944,-254206.556634229,-136877.232335546,-134058920.277453884,64106101.191697396,27777453.982828651
2026-08-26T01:40:00Z,2461278.569444444,-31012.244164035,-28568.624994218,-25.595530434,2.083220307,-2.261422567,0.000915445,-31181.910341192,-28383.296803580,56.633161227,31181.910341192,28383.296803580,-56.633161227,276498.448105884,-253352.960327521,-136776.363837257,-134063514.057228610,64099550.564789787,27774317.459138624
2026-08-26T01:45:00Z,2461278.572916667,-30379.921230648,-29240.147699889,-25.298386858,2.132186455,-2.215314537,0.000957125,-30553.602034454,-29058.575922810,55.313276669,30553.602034454,29058.575922810,-55.313276669,276096.772958079,-252512.783774867,-136675.390260489,-134068122.296083331,64092986.136748902,27771180.866835214
2026-08-26T01:50:00Z,2461278.576388889,-29733.061235856,-29897.678723708,-24.988471323,2.180132322,-2.168146469,0.000998296,-29910.673559537,-29719.950246574,53.967590865,29910.673559537,29719.950246574,-53.967590865,275680.338420870,-251686.350204339,-136574.312283502,-134072744.693354666,64086407.584466569,27768044.205307502
2026-08-26T01:55:00Z,2461278.579861111,-29071.973711373,-30540.903434491,-24.665946519,2.227034965,-2.119940935,0.001038938,-29253.432566888,-30367.103304675,52.596733303,29253.432566888,30367.103304675,-52.596733303,275249.452017683,-250873.976140233,-136473.130574889,-134077380.941371739,64079814.591510400,27764907.473942403
2026-08-26T02:00:00Z,2461278.583333333,-28396.974997267,-31169.514047415,-24.330981531,2.272871939,-2.070721004,0.001079030,-28582.193555974,-30999.725432577,51.201345155,28582.193555974,30999.725432577,-51.201345155,274804.428089836,-250075.971357737,-136371.845839569,-134082030.725629047,64073206.848225452,27761770.672102552
2026-08-26T02:05:00Z,2461278.586805556,-27708.388090536,-31783.209771325,-23.983751755,2.317621309,-2.020510231,0.001118551,-27897.277724745,-31617.513919617,49.782078975,27897.277724745,31617.513919617,-49.782078975,274345.587707364,-249292.638625185,-136270.458770780,-134086693.724908978,64066584.051938236,27758633.799151454
2026-08-26T02:10:00Z,2461278.590277778,-27006.542490521,-32381.696952679,-23.624438803,2.361261663,-1.969332644,0.001157481,-27199.012815910,-32220.173153861,48.339598394,27199.012815910,32220.173153861,-48.339598394,273873.258462980,-248524.273651742,-136168.970090105,-134091369.611460179,64059945.907050043,27755496.854430992
2026-08-26T02:15:00Z,2461278.593750000,-26291.774041286,-32964.689216015,-23.253230418,2.403772117,-1.917212734,0.001195802,-26487.732960151,-32807.414763509,46.874577806,26487.732960151,32807.414763509,-46.874577806,273387.774348525,-247771.164884144,-136067.380520103,-134096058.051138237,64053292.125216223,27752359.837278225
2026-08-26T02:20:00Z,2461278.597222222,-25564.424770690,-33531.907601157,-22.870320367,2.445132329,-1.864175445,0.001233493,-25763.778516021,-33378.957755063,45.387702055,25763.778516021,33378.957755063,-45.387702055,272889.475579826,-247033.593402980,-135965.690799191,-134100758.703570247,64046622.425466634,27749222.747018445
2026-08-26T02:25:00Z,2461278.600694444,-24824.842726633,-34083.080696731,-22.475908351,2.485322507,-1.810246158,0.001270536,-25027.495906988,-33934.528647810,43.879666114,25027.495906988,33934.528647810,-43.879666114,272378.708437928,-246311.832771159,-135863.901673711,-134105471.222319111,64039936.534347542,27746085.582967971
2026-08-26T02:30:00Z,2461278.604166667,-24073.381810706,-34617.944769869,-22.070199897,2.524323419,-1.755450680,0.001306911,-24279.237455856,-34473.861604520,42.351174754,24279.237455856,34473.861604520,-42.351174754,271855.825101279,-245606.148912950,-135762.013901943,-134110195.255053684,64033234.186034963,27742948.344427746
2026-08-26T02:35:00Z,2461278.607638889,-23310.401608683,-35136.243892509,-21.653406256,2.562116404,-1.699815234,0.001342601,-23519.361216023,-34996.698558751,40.802942220,23519.361216023,34996.698558751,-40.802942220,271321.183488061,-244916.799967176,-135660.028245298,-134114930.443700165,64026515.122499928,27739811.030699492
2026-08-26T02:40:00Z,2461278.611111111,-22536.267218414,-35637.730063870,-21.225744291,2.598683377,-1.643366446,0.001377587,-22748.230800102,-35502.789338347,39.235691895,22748.230800102,35502.789338347,-39.235691895,270775.147062630,-244244.036199842,-135557.945483604,-134119676.424638674,64019779.093583144,27736673.641065262
2026-08-26T02:45:00Z,2461278.614583333,-21751.349075071,-36122.163329131,-20.787436367,2.634006841,-1.586131329,0.001411853,-21966.215205871,-35991.891785159,37.650155958,21966.215205871,35991.891785159,-37.650155958,270218.084683081,-243588.099848902,-135455.766399463,-134124432.828856528,64013025.857153565,27733536.174804412
2026-08-26T02:50:00Z,2461278.618055556,-20956.022773841,-36589.311894254,-20.338710240,2.668069894,-1.528137274,0.001445380,-21173.688639668,-36463.771870922,36.047075045,21173.688639668,36463.771870922,-36.047075045,269650.370416047,-242949.225022459,-135353.491783889,-134129199.282134786,64006255.179206476,27730398.631186370
2026-08-26T02:55:00Z,2461278.621527778,-20150.668890154,-37038.952236905,-19.879798936,2.700856236,-1.469412033,0.001478151,-20371.030337267,-36918.203809245,34.427197900,20371.030337267,36918.203809245,-34.427197900,269072.383351940,-242327.637597431,-135251.122440720,-134133975.405223325,63999466.833979122,27727261.009472370
2026-08-26T03:00:00Z,2461278.625000000,-19335.672797528,-37470.869213409,-19.410940633,2.732350181,-1.409983711,0.001510151,-19558.624382387,-37354.970163643,32.791281027,19558.624382387,37354.970163643,-32.791281027,268484.507437215,-241723.555087402,-135148.659175639,-134138760.814026117,63992660.604058281,27724123.308915820
2026-08-26T03:05:00Z,2461278.628472222,-18511.424483108,-37884.856161695,-18.932378538,2.762536657,-1.349880746,0.001541363,-18736.859522821,-37773.861951594,31.140088334,18736.859522821,37773.861951594,-31.140088334,267887.131274935,-241137.186561383,-135046.102805924,-134143555.119780749,63985836.280488789,27720985.528764468
2026-08-26T03:10:00Z,2461278.631944444,-17678.318361006,-38280.715000187,-18.444360766,2.791401224,-1.289131902,0.001571772,-17906.128984390,-38174.678744525,29.474390775,17906.128984390,38174.678744525,-29.474390775,267280.647948043,-240568.732535568,-134943.454156342,-134148357.929253340,63978993.662854970,27717847.668252815
2026-08-26T03:15:00Z,2461278.635416667,-16836.753083524,-38658.256322570,-17.947140208,2.818930068,-1.227766249,0.001601362,-17066.830282722,-38557.228763717,27.794965993,17066.830282722,38557.228763717,-27.794965993,266665.454839943,-240018.384858740,-134840.714050684,-134153168.844906196,63972132.559418842,27714709.726620685
2026-08-26T03:20:00Z,2461278.638888889,-15987.131350347,-39017.299488424,-17.440974402,2.845110020,-1.165813155,0.001630118,-16219.365033002,-38921.328972054,26.102597953,16219.365033002,38921.328972054,-26.102597953,266041.953408728,-239486.326676321,-134737.883335774,-134157987.465124309,63965252.787142731,27711571.703083590
2026-08-26T03:25:00Z,2461278.642361111,-15129.859715795,-39357.672709641,-16.926125404,2.869928554,-1.103302268,0.001658026,-15364.138757725,-39266.805161609,24.398076577,15364.138757725,39266.805161609,-24.398076577,265410.549054314,-238972.732249053,-134634.962840261,-134162813.384356633,63958354.171869963,27708433.596873756
2026-08-26T03:30:00Z,2461278.645833333,-14265.348394233,-39679.213132617,-16.402859651,2.893373794,-1.040263501,0.001685072,-14501.560692613,-39593.492036983,22.682197376,14501.560692613,39593.492036983,-22.682197376,264771.650852693,-238477.766988250,-134531.953425774,-134167646.193366230,63951436.548307858,27705295.407196507
2026-08-26T03:35:00Z,2461278.649305556,-13394.011063738,-39981.766916162,-15.871447825,2.915434525,-0.976727021,0.001711242,-13632.043590751,-39901.233294381,20.955761077,13632.043590751,39901.233294381,-20.955761077,264125.671428392,-238001.587260638,-134428.855936169,-134172485.479382977,63944499.760182977,27702157.133264240
2026-08-26T03:40:00Z,2461278.652777778,-12516.264668103,-40265.189305091,-15.332164714,2.936100192,-0.912723235,0.001736524,-12756.003525023,-40189.881696389,19.219573249,12756.003525023,40189.881696389,-19.219573249,263473.026706324,-237544.340398740,-134325.671234134,-134177330.826321021,63937543.660281457,27699018.774281301
2026-08-26T03:45:00Z,2461278.656250000,-11632.529217273,-40529.344699474,-14.785289071,2.955360909,-0.848282770,0.001760905,-11873.859688972,-40459.299142406,17.474443927,11873.859688972,40459.299142406,-17.474443927,262814.135744134,-237106.164580396,-134222.400179054,-134182181.814973116,63930568.110526487,27695880.329447780
2026-08-26T03:50:00Z,2461278.659722222,-10743.227586328,-40774.106719493,-14.231103472,2.973207461,-0.783436465,0.001784372,-10986.034196174,-40709.356734703,15.721187234,10986.034196174,40709.356734703,-15.721187234,262149.420509404,-236687.188795624,-134119.043640951,-134187038.023213416,63923572.982043266,27692741.797959384
2026-08-26T03:55:00Z,2461278.663194444,-9848.785313084,-40999.358265893,-13.669894169,2.989631312,-0.718215351,0.001806914,-10092.951878200,-40939.934840076,13.960621004,10092.951878200,40939.934840076,-13.960621004,261479.305696377,-236287.532754974,-134015.602487098,-134191899.026196882,63916558.155222647,27689603.179008402
2026-08-26T04:00:00Z,2461278.666666667,-8949.630394430,-41204.991575983,-13.101950946,3.004624604,-0.652650638,0.001828520,-9195.040081295,-41150.923147059,12.193566394,9195.040081295,41150.923147059,-12.193566394,260804.218510982,-235907.306854533,-133912.077591222,-134196764.396564528,63909523.519776635,27686464.471783809
2026-08-26T04:05:00Z,2461278.670138889,-8046.193081483,-41390.908275173,-12.527566967,3.018180167,-0.586773702,0.001849178,-8292.728461838,-41342.220718685,10.420847506,8292.728461838,41342.220718685,-10.420847506,260124.588462409,-235546.612127186,-133808.469834910,-134201633.704646915,63902468.974791467,27683325.675471216
2026-08-26T04:10:00Z,2461278.673611111,-7138.905673672,-41557.019424014,-11.947038629,3.030291516,-0.520616069,0.001868879,-7386.448780715,-41513.736040745,8.643291003,7386.448780715,41513.736040745,-8.643291003,259440.847182755,-235205.540150785,-133704.780088350,-134206506.518665969,63895394.428783819,27680186.789257184
2026-08-26T04:15:00Z,2461278.677083333,-6228.202311834,-41703.245560719,-11.360665409,3.040952860,-0.454209395,0.001887614,-6476.634696672,-41665.387065550,6.861725719,6476.634696672,41665.387065550,-6.861725719,258753.428174356,-234884.173086284,-133601.009245399,-134211382.404959753,63888299.799711660,27677047.812315255
2026-08-26T04:20:00Z,2461278.680555556,-5314.518770440,-41829.516739151,-10.768749706,3.050159100,-0.387585460,0.001905372,-5563.721558769,-41797.101251151,5.076982278,5563.721558769,41797.101251151,-5.076982278,258062.766658547,-234582.583536486,-133497.158178979,-134216260.928156510,63881185.015074424,27673908.743832398
2026-08-26T04:25:00Z,2461278.684027778,-4398.292249036,-41935.772562253,-10.171596694,3.057905834,-0.320776144,0.001922144,-4648.146198032,-41908.815596013,3.289892702,4648.146198032,41908.815596013,-3.289892702,257369.299314631,-234300.834609382,-133393.227783216,-134221141.651419759,63874050.011879660,27670769.582980458
2026-08-26T04:30:00Z,2461278.687500000,-3479.961163007,-42021.962210906,-9.569514158,3.064189358,-0.253813418,0.001937924,-3730.346718378,-42000.476669120,1.501290028,3730.346718378,42000.476669120,-1.501290028,256673.464117433,-234038.979799756,-133289.218934689,-134226024.136624932,63866894.736734428,27667630.328942638
2026-08-26T04:35:00Z,2461278.690972222,-2559.964933754,-42088.044468209,-8.962812341,3.069006670,-0.186729326,0.001952702,-2810.762286955,-42072.040635501,-0.287992083,2810.762286955,42072.040635501,0.287992083,255975.700085886,-233797.063042962,-133185.132526600,-134230907.944597304,63859719.145816237,27664490.980890509
2026-08-26T04:40:00Z,2461278.694444444,-1638.743778397,-42133.987739150,-8.351803782,3.072355467,-0.119555968,0.001966473,-1889.832923963,-42123.473277161,-2.077119736,1889.832923963,42123.473277161,2.077119736,255276.447100785,-233575.118638629,-133080.969444138,-134235792.635301977,63852523.204934694,27661351.538001902
2026-08-26T04:45:00Z,2461278.697916667,-716.738499103,-42159.770065682,-7.736803157,3.074234152,-0.052325488,0.001979228,-967.999292075,-42154.750009408,-3.865259184,967.999292075,42154.750009408,3.865259184,254576.145683228,-233373.171260971,-132976.730575858,-134240677.768063039,63845306.889528237,27658211.999453053
2026-08-26T04:50:00Z,2461278.701388889,205.609727872,-42165.379137183,-7.118127117,3.074641828,0.014929941,0.001990962,-45.702485543,-42165.855892568,-5.651577221,45.702485543,42165.855892568,5.651577221,253875.236794641,-233191.235921102,-132872.416801870,-134245562.901772112,63838070.184683897,27655072.364422016
2026-08-26T04:55:00Z,2461278.704861111,1127.859563313,-42150.812296296,-6.496094126,3.073578304,0.082178139,0.002001669,876.616180900,-42156.785639087,-7.435241572,-876.616180900,42156.785639087,7.435241572,253174.161597455,-233029.318014078,-132768.029017077,-134250447.595105946,63830813.085127860,27651932.632082265
2026-08-26T05:00:00Z,2461278.708333333,2049.569716257,-42116.076540152,-5.871024297,3.071044094,0.149386924,0.002011344,1798.515383210,-42127.543616012,-9.215421273,-1798.515383210,42127.543616012,9.215421273,252473.361287137,-232887.413237369,-132663.568096362,-134255331.406720161,63823535.595264278,27648792.801618800
2026-08-26T05:05:00Z,2461278.711805556,2970.299155170,-42061.188516965,-5.243239228,3.067040414,0.216524138,0.002019983,2719.553999266,-42078.143842845,-10.991287065,-2719.553999266,42078.143842845,10.991287065,251773.276837476,-232765.507671808,-132559.034928494,-134260213.895486534,63816237.729125552,27645652.872207668
2026-08-26T05:10:00Z,2461278.715277778,3889.607319005,-41986.174518021,-4.613061837,3.061569184,0.283557654,0.002027581,3639.291319939,-42008.609984785,-12.762011772,-3639.291319939,42008.609984785,12.762011772,251074.348816074,-232663.577742115,-132454.430395625,-134265094.620679110,63808919.510404192,27642512.843033463
2026-08-26T05:15:00Z,2461278.718750000,4807.054328026,-41891.070465034,-3.980816196,3.054633025,0.350455396,0.002034135,4557.287260012,-41918.975341349,-14.526770695,-4557.287260012,41918.975341349,14.526770695,250377.017177431,-232581.590217474,-132349.755368239,-134269973.142199129,63801580.972426608,27639372.713282842
2026-08-26T05:20:00Z,2461278.722222222,5722.201194317,-41775.921892910,-3.346827366,3.046235262,0.417185355,0.002039642,5473.102568756,-41809.282830384,-16.284741987,-5473.102568756,41809.282830384,16.284741987,249681.721022067,-232519.502284011,-132245.010729281,-134274849.020787805,63794222.158123665,27636232.482139464
2026-08-26T05:25:00Z,2461278.725694444,6634.610031841,-41640.783927896,-2.711421229,3.036379916,0.483715598,0.002044099,6386.299040149,-41679.584967473,-18.035107040,-6386.299040149,41679.584967473,18.035107040,248988.898422297,-232477.261502169,-132140.197346341,-134279721.818218380,63786843.120048374,27633092.148800757
2026-08-26T05:30:00Z,2461278.729166667,7543.844265987,-41485.721261150,-2.074924318,3.025071708,0.550014292,0.002047505,7296.439722564,-41529.943840750,-19.777050863,-7296.439722564,41529.943840750,19.777050863,248298.986189487,-232454.805870470,-132035.316087997,-134284591.097534359,63779443.920298502,27629951.712455694
2026-08-26T05:35:00Z,2461278.732638889,8449.468842478,-41310.808117725,-1.437663657,3.012316052,0.616049713,0.002049857,8203.089127845,-41360.431081133,-21.509762462,-8203.089127845,41360.431081133,21.509762462,247612.419669850,-232452.063848192,-131930.367820401,-134289456.423226595,63772024.630542584,27626811.172309339
2026-08-26T05:40:00Z,2461278.736111111,9351.050435552,-41116.128220996,-0.799966585,2.998119058,0.681790264,0.002051156,9105.813439713,-41171.127827990,-23.232435215,-9105.813439713,41171.127827990,23.232435215,246929.632537723,-232468.954386648,-131825.353405507,-134294317.361472100,63764585.331932552,27623670.527560428
2026-08-26T05:45:00Z,2461278.739583333,10248.157655318,-40901.774752537,-0.162160592,2.982487522,0.747204488,0.002051401,10004.180721346,-40962.124690255,-24.944267248,-10004.180721346,40962.124690255,24.944267248,246251.056592340,-232505.386960125,-131720.273697313,-134299173.480318099,63757126.115104869,27620529.777418740
2026-08-26T05:50:00Z,2461278.743055556,11140.361254166,-40667.850307477,0.475426849,2.965428928,0.812261087,0.002050593,10897.761122063,-40733.521703013,-26.644461809,-10897.761122063,40733.521703013,26.644461809,245577.121550362,-232561.261609480,-131615.129541561,-134304024.349899322,63749647.080121532,27617388.921098985
2026-08-26T05:55:00Z,2461278.746527778,12027.234332171,-40414.466845347,1.112468451,2.946951443,0.876928930,0.002048731,11786.127083001,-40485.428279573,-28.332227633,-11786.127083001,40485.428279573,28.332227633,244908.254817135,-232636.469033998,-131509.921794407,-134308869.542648017,63742148.336412020,27614247.957816847
2026-08-26T06:00:00Z,2461278.750000000,12908.352541356,-40141.745636448,1.748637282,2.927063914,0.941177077,0.002045817,12668.853541710,-40217.963159052,-30.006779314,-12668.853541710,40217.963159052,30.006779314,244244.881327138,-232730.890560528,-131404.651285913,-134313708.633486331,63734630.002742991,27611106.886798479
2026-08-26T06:05:00Z,2461278.753472222,13783.294288739,-39849.817203762,2.383606929,2.905775859,1.004974786,0.002041854,13545.518135528,-39931.254349502,-31.667337667,-13545.518135528,39931.254349502,31.667337667,243587.423299843,-232844.398275018,-131299.318852075,-134318541.200039178,63727092.207145490,27607965.707274653
2026-08-26T06:10:00Z,2461278.756944444,14651.640938055,-39538.821260441,3.017051672,2.883097471,1.068291531,0.002036843,14415.701403682,-39625.439066597,-33.313130087,-14415.701403682,39625.439066597,33.313130087,242936.300055845,-232976.855049736,-131193.925319725,-134323366.822832257,63719535.086859062,27604824.418482810
2026-08-26T06:15:00Z,2461278.760416667,15512.977010060,-39208.906642889,3.648646643,2.859039605,1.131097017,0.002030788,15278.986987977,-39300.663667917,-34.943390914,-15278.986987977,39300.663667917,34.943390914,242291.927813957,-233128.114614458,-131088.471508499,-134328185.085495234,63711958.788264327,27601683.019667055
2026-08-26T06:20:00Z,2461278.763888889,16366.890381325,-38860.231239492,4.278068002,2.833613776,1.193361194,0.002023692,16134.961832028,-38957.083582851,-36.557361783,-16134.961832028,38957.083582851,36.557361783,241654.719495446,-233298.021620371,-130982.958227742,-134332995.574954927,63704363.466818497,27598541.510080915
2026-08-26T06:25:00Z,2461278.767361111,17212.972481421,-38492.961915001,4.904993096,2.806832156,1.255054271,0.002015559,16983.216378869,-38594.863238174,-38.154291975,-16983.216378869,38594.863238174,38.154291975,241025.084507667,-233486.411745992,-130877.386289979,-134337797.881648988,63696749.286960624,27595399.888978895
2026-08-26T06:30:00Z,2461278.770833333,18050.818488398,-38107.274430638,5.529100627,2.778707562,1.316146731,0.002006394,17823.344766921,-38214.175979305,-39.733438767,-17823.344766921,38214.175979305,39.733438767,240403.428580839,-233693.111720010,-130771.756486199,-134342591.599695951,63689116.422070533,27592258.155632876
2026-08-26T06:35:00Z,2461278.774305556,18880.027522472,-37703.353359929,6.150070819,2.749253457,1.376609342,0.001996201,18654.945024173,-37815.203987304,-41.294067776,-18654.945024173,37815.203987304,41.294067776,239790.153551392,-233917.939442142,-130666.069601812,-134347376.327109456,63681465.054355897,27589116.309319843
2026-08-26T06:40:00Z,2461278.777777778,19700.202837817,-37281.392000336,6.767585578,2.718483938,1.436413178,0.001984986,19477.619260496,-37398.138191642,-42.835453299,-19477.619260496,37398.138191642,42.835453299,239185.657157317,-234160.704095085,-130560.326427355,-134352151.665997088,63673795.374749385,27585974.349315297
2026-08-26T06:45:00Z,2461278.781250000,20510.952012385,-36841.592280703,7.381328661,2.686413732,1.495529624,0.001972756,20290.973858005,-36963.178178791,-44.356878648,-20290.973858005,36963.178178791,44.356878648,238590.332888228,-234421.206159873,-130454.527724934,-134356917.222713828,63666107.582888365,27582832.274924431
2026-08-26T06:50:00Z,2461278.784722222,21311.887135651,-36384.164664580,7.990985831,2.653058189,1.553930396,0.001959517,21094.619659385,-36510.532096655,-45.857636482,-21094.619659385,36510.532096655,45.857636482,238004.569758554,-234699.237584408,-130348.674259481,-134361672.608101219,63658401.886919789,27579690.085439291
2026-08-26T06:55:00Z,2461278.788194444,22102.624994187,-35909.328049464,8.596245028,2.618433272,1.611587554,0.001945275,21888.172154065,-36040.416554929,-47.337029135,-21888.172154065,36040.416554929,47.337029135,237428.752141194,-234994.581843005,-130242.766781325,-134366417.437627673,63650678.503494538,27576547.780179799
2026-08-26T07:00:00Z,2461278.791666667,22882.787255004,-35417.309662005,9.196796518,2.582555552,1.668473512,0.001930040,22671.251662165,-35553.056521396,-48.794368940,-22671.251662165,35553.056521396,48.794368940,236863.259574454,-235307.014063521,-130136.806035671,-134371151.331605077,63642937.657593317,27573405.358463794
2026-08-26T07:05:00Z,2461278.795138889,23652.000646541,-34908.344949224,9.792333063,2.545442202,1.724561054,0.001913819,23443.483516147,-35048.685214223,-50.228978543,-23443.483516147,35048.685214223,50.228978543,236308.466588016,-235636.301113142,-130030.792753093,-134375873.915350616,63635179.582461648,27570262.819625523
2026-08-26T07:10:00Z,2461278.798611111,24409.897137240,-34382.677465805,10.382550071,2.507110982,1.779823346,0.001896620,24204.498240047,-34527.543990324,-51.640191221,-24204.498240047,34527.543990324,51.640191221,235764.742520723,-235982.201720007,-129924.727653317,-134380584.819376230,63627404.519479454,27567120.163008116
2026-08-26T07:15:00Z,2461278.802083333,25156.114111603,-33840.558757503,10.967145756,2.467580238,1.834233948,0.001878454,24953.931726234,-33989.882229816,-53.027351187,-24953.931726234,33989.882229816,53.027351187,235232.451337269,-236344.466599833,-129818.611449876,-134385283.679561257,63619612.718050599,27563977.387965716
2026-08-26T07:20:00Z,2461278.805555556,25890.294543662,-33282.248240739,11.545821292,2.426868886,1.887766831,0.001859329,25691.425409579,-33435.957216654,-54.389813895,-25691.425409579,33435.957216654,54.389813895,234711.951466689,-236722.838553559,-129712.444840294,-134389970.137326896,63611804.435482569,27560834.493863989
2026-08-26T07:25:00Z,2461278.809027778,26612.087167768,-32708.013078419,12.118280966,2.384996412,1.940396381,0.001839256,26416.626438994,-32866.034015466,-55.726946336,-26416.626438994,32866.034015466,55.726946336,234203.595627035,-237117.052595763,-129606.228508092,-134394643.839807451,63603979.936866626,27557691.480081167
2026-08-26T07:30:00Z,2461278.812500000,27321.146646627,-32118.128052057,12.684232331,2.341982852,1.992097422,0.001818245,27129.187846220,-32280.385344681,-57.038127332,-27129.187846220,32280.385344681,57.038127332,233707.730636205,-237526.836117605,-129499.963138156,-134399304.440026879,63596139.494934931,27554548.346001875
2026-08-26T07:35:00Z,2461278.815972222,28017.133736487,-31512.875430252,13.243386357,2.297848791,2.042845218,0.001796308,27828.768711801,-31679.291445994,-58.322747822,-27828.768711801,31679.291445994,58.322747822,233224.697281715,-237951.908952766,-129393.649388478,-134403951.597045958,63588283.389966093,27551405.091032770
2026-08-26T07:40:00Z,2461278.819444444,28699.715449419,-30892.544833581,13.795457576,2.252615350,2.092615492,0.001773456,28515.034328161,-31063.039950226,-59.580211144,-28515.034328161,31063.039950226,59.580211144,232754.830133717,-238391.983559440,-129287.287910439,-134408584.976147741,63580411.909607574,27548261.714584239
2026-08-26T07:45:00Z,2461278.822916667,29368.565212596,-30257.433095984,14.340164234,2.206304175,2.141384433,0.001749701,29187.656359706,-30431.925739665,-60.809933308,-29187.656359706,30431.925739665,60.809933308,232298.457383693,-238846.765155266,-129180.879347625,-134413204.248986721,63572525.348758169,27545118.216079351
2026-08-26T07:50:00Z,2461278.826388889,30023.363024501,-29607.844122691,14.877228428,2.158937427,2.189128710,0.001725056,29846.312999884,-29786.250806920,-62.011343268,-29846.312999884,29786.250806920,62.011343268,231855.900706934,-239315.951823278,-129074.424320053,-134417809.093736351,63564624.009448275,27541974.594963145
2026-08-26T07:55:00Z,2461278.829861111,30663.795607997,-28944.088744772,15.406376257,2.110537774,2.235825483,0.001699534,30490.689125103,-29126.324110397,-63.183883186,-30490.689125103,29126.324110397,63.183883186,231427.475080477,-239799.234708644,-128967.923446751,-134422399.195267439,63556708.200645335,27538830.850681566
2026-08-26T08:00:00Z,2461278.833333333,31289.556560160,-28266.484570375,15.927337958,2.061128375,2.281452412,0.001673148,31120.476445466,-28452.461426420,-64.327008684,-31120.476445466,28452.461426420,64.327008684,231013.488666245,-240296.298106972,-128861.377319459,-134426974.245269835,63548778.238163315,27535686.982706271
2026-08-26T08:05:00Z,2461278.836805556,31900.346498841,-27575.355832727,16.439848045,2.010732875,2.325987671,0.001645912,31735.373652225,-27764.985198115,-65.440189102,-31735.373652225,27764.985198115,65.440189102,230614.242624904,-240806.819682753,-128754.786531763,-134431533.942426562,63540834.444458611,27532542.990512226
2026-08-26T08:10:00Z,2461278.840277778,32495.873205856,-26871.033234960,16.943645446,1.959375388,2.369409954,0.001617841,32335.086561894,-27064.224381093,-66.522907736,-32335.086561894,27064.224381093,66.522907736,230230.031005261,-241330.470562963,-128648.151652433,-134436077.992540032,63532877.148513682,27529398.873594105
2026-08-26T08:15:00Z,2461278.843750000,33075.851766752,-26153.853791846,17.438473637,1.907080490,2.411698490,0.001588949,32919.328256956,-26350.514286017,-67.574662080,-32919.328256956,26350.514286017,67.574662080,229861.140591144,-241866.915520147,-128541.473236279,-134440606.108679324,63524906.685662381,27526254.631459378
2026-08-26T08:20:00Z,2461278.847222222,33640.004707070,-25424.160668521,17.924080774,1.853873205,2.452833049,0.001559252,33487.819223090,-25624.196418144,-68.594964058,-33487.819223090,25624.196418144,68.594964058,229507.850753695,-242415.813145695,-128434.751829554,-134445118.011315525,63516923.397437491,27523110.263631530
2026-08-26T08:25:00Z,2461278.850694444,34188.062125053,-24682.303016262,18.400219821,1.799778993,2.492793953,0.001528765,34040.287482848,-24885.618313897,-69.583340242,-34040.287482848,24885.618313897,69.583340242,229170.433331393,-242976.815997548,-128327.987962873,-134449613.428462029,63508927.631391533,27519965.769644085
2026-08-26T08:30:00Z,2461278.854166667,34719.761820733,-23928.635805402,18.866648679,1.744823738,2.531562087,0.001497503,34576.468725737,-24135.133374548,-70.539332079,-34576.468725737,24135.133374548,70.539332079,228849.152497345,-243549.570764087,-128221.182149925,-134454092.095792770,63500919.740953088,27516821.149050020
2026-08-26T08:35:00Z,2461278.857638889,35234.849421321,-23163.519655470,19.323130309,1.689033735,2.569118906,0.001465484,35096.106434622,-23373.100697109,-71.462496095,-35096.106434622,23373.100697109,71.462496095,228544.264634702,-244133.718428271,-128114.334885126,-134458553.756778449,63492900.085242391,27513676.401415806
2026-08-26T08:40:00Z,2461278.861111111,35733.078502859,-22387.320662620,19.769432853,1.632435681,2.605446445,0.001432724,35598.952008404,-22599.884902493,-72.352404101,-35598.952008404,22599.884902493,72.352404101,228256.018202228,-244728.894470277,-128007.446656800,-134462998.162804246,63484869.028904192,27510531.526323304
2026-08-26T08:45:00Z,2461278.864583333,36214.210708071,-21600.410224453,20.205329755,1.575056657,2.640527326,0.001399241,36084.764880904,-21815.855961042,-73.208643390,-36084.764880904,21815.855961042,73.208643390,227984.653630921,-245334.729003643,-127900.517930319,-134467425.073289782,63476826.941935390,27507386.523371235
2026-08-26T08:50:00Z,2461278.868055556,36678.015860339,-20803.164862299,20.630599874,1.516924117,2.674344768,0.001365051,36553.312635909,-21021.389015490,-74.030816925,-36553.312635909,21021.389015490,74.030816925,227730.403194776,-245950.846986330,-127793.549162650,-134471834.255811065,63468774.199492060,27504241.392168004
2026-08-26T08:55:00Z,2461278.871527778,37124.272073784,-19995.966041053,21.045027603,1.458065878,2.706882597,0.001330173,37004.371118320,-20216.864201445,-74.818543523,-37004.371118320,20216.864201445,74.818543523,227493.490920805,-246576.868356152,-127686.540783133,-134476225.486192256,63460711.181747153,27501096.132348552
2026-08-26T09:00:00Z,2461278.875000000,37552.765859365,-19179.199986643,21.448402974,1.398510101,2.738125248,0.001294625,37437.724541330,-19402.666465518,-75.571458029,-37437.724541330,19402.666465518,75.571458029,227274.132451185,-247212.408267839,-127579.493217211,-134480598.548637718,63452638.273664005,27497950.743554723
2026-08-26T09:05:00Z,2461278.878472222,37963.292226964,-18353.257501231,21.840521768,1.338285284,2.768057777,0.001258425,37853.165589616,-18579.185381123,-76.289211482,-37853.165589616,18579.185381123,76.289211482,227072.534960416,-247857.077246384,-127472.406872772,-134484953.235823095,63444555.864832118,27494805.225444295
2026-08-26T09:10:00Z,2461278.881944444,38355.654783410,-17518.533776222,22.221185621,1.277420241,2.796665867,0.001221593,38250.495518474,-17746.814962063,-76.971471277,-38250.495518474,17746.814962063,76.971471277,226888.897063519,-248510.481354573,-127365.282132016,-134489289.348982334,63436464.349303126,27491659.577700853
2026-08-26T09:15:00Z,2461278.885416667,38729.665826380,-16675.428203175,22.590202124,1.215944094,2.823935835,0.001184148,38629.524248843,-16905.953474025,-77.617921314,-38629.524248843,16905.953474025,77.617921314,226723.408694448,-249172.222432021,-127258.119372965,-134493606.698031485,63428364.125352040,27488513.800012283
2026-08-26T09:20:00Z,2461278.888888889,39085.146434149,-15824.344182709,22.947384923,1.153886259,2.849854637,0.001146108,38990.070458197,-16057.003244005,-78.228262148,-38990.070458197,16057.003244005,78.228262148,226576.251047275,-249841.898225349,-127150.918943389,-134497905.101627737,63420255.595343553,27485367.892095171
2026-08-26T09:25:00Z,2461278.892361111,39421.926551136,-14965.688931492,23.292553812,1.091276427,2.874409876,0.001107495,39331.961667232,-15200.370467831,-78.802211119,-39331.961667232,15200.370467831,78.802211119,226447.596451529,-250519.102655206,-127043.681192764,-134502184.387283981,63412139.165486120,27482221.853672095
2026-08-26T09:30:00Z,2461278.895833333,39739.845069211,-14099.873287413,23.625534828,1.028144554,2.897589809,0.001068328,39655.034322342,-14336.465015795,-79.339502485,-39655.034322342,14336.465015795,79.339502485,226337.608335638,-251203.425917443,-126936.406431860,-134506444.391431719,63404015.245677426,27479075.684489101
2026-08-26T09:35:00Z,2461278.899305556,40038.749904714,-13227.311513013,23.946160341,0.964520847,2.919383349,0.001028627,39959.133873796,-13465.700236582,-79.839887543,-39959.133873796,13465.700236582,79.839887543,226246.441105481,-251894.454769748,-126829.094971884,-134510684.959508151,63395884.249289647,27475929.384307455
2026-08-26T09:40:00Z,2461278.902777778,40318.498071167,-12348.421097290,24.254269137,0.900435746,2.939780073,0.000988414,40244.114849646,-12588.492759475,-80.303134739,-40244.114849646,12588.492759475,80.303134739,226174.240101271,-252591.772663280,-126721.747095597,-134514905.946028680,63387746.592975192,27472782.952905346
2026-08-26T09:45:00Z,2461278.906250000,40578.955747628,-11463.622555954,24.549706502,0.835919912,2.958770225,0.000947709,40509.840925253,-11705.262295050,-80.729029779,-40509.840925253,11705.262295050,80.729029779,226121.141502370,-253294.959994084,-126614.363079944,-134519107.214656174,63379602.696468286,27469636.390078541
2026-08-26T09:50:00Z,2461278.909722222,40819.998342658,-10573.339230249,24.832324300,0.771004214,2.976344726,0.000906533,40756.184988462,-10816.431434369,-81.117375721,-40756.184988462,10816.431434369,81.117375721,226087.272291999,-254003.594248452,-126506.943171761,-134523288.638262212,63371452.982387185,27466489.695641693
2026-08-26T09:55:00Z,2461278.913194444,41041.510553876,-9677.997084413,25.101981051,0.705719710,2.992495168,0.000864908,40983.029200366,-9922.425446801,-81.467993065,-40983.029200366,9922.425446801,81.467993065,226072.750164308,-254717.250262889,-126399.487612847,-134527450.099001527,63363297.876014128,27463342.869420853
2026-08-26T10:00:00Z,2461278.916666667,41243.386423074,-8778.024501893,25.358542002,0.640097633,3.007213831,0.000822855,41190.265051623,-9023.672076568,-81.780719836,-41190.265051623,9023.672076568,81.780719836,226077.683497843,-255435.500374845,-126291.996616975,-134531591.488343328,63355137.805130973,27460195.911269888
2026-08-26T10:05:00Z,2461278.920138889,41425.529386859,-7873.852080397,25.601879197,0.574169382,3.020493674,0.000780397,41377.793414326,-8120.601338108,-82.055411656,-41377.793414326,8120.601338108,82.055411656,226102.171282961,-256157.914662533,-126184.470385103,-134535712.707151651,63346973.199768193,27457048.821051419
2026-08-26T10:10:00Z,2461278.923611111,41587.852322793,-6965.912425904,25.831871540,0.507966498,3.032328349,0.000737555,41545.524589371,-7213.645310360,-82.291941809,-41545.524589371,7213.645310360,82.291941809,226146.303076030,-256884.061149243,-126076.909104673,-134539813.665718198,63338804.492021613,27453901.598645639
2026-08-26T10:15:00Z,2461278.927083333,41730.277591035,-6054.639945698,26.048404858,0.441520654,3.042712196,0.000694352,41693.378349328,-6303.237930045,-82.490201295,-41693.378349328,6303.237930045,82.490201295,226210.158977726,-257613.505973421,-125969.312933700,-134543894.283794254,63330632.115865432,27450754.243959758
2026-08-26T10:20:00Z,2461278.930555556,41852.737071429,-5140.470640557,26.251371963,0.374863641,3.051640252,0.000650810,41821.283976769,-5389.814784087,-82.650098884,-41821.283976769,5389.814784087,82.650098884,226293.809557361,-258345.813661285,-125861.682028864,-134547954.490656972,63322456.506895974,27447606.756906357
2026-08-26T10:25:00Z,2461278.934027778,41955.172196054,-4223.841896168,26.440672699,0.308027349,3.059108247,0.000606951,41929.180298058,-4473.812901226,-82.771561151,-41929.180298058,4473.812901226,82.771561151,226397.315861018,-259080.547259755,-125754.016512868,-134551994.225112528,63314278.102179453,27444459.137427997
2026-08-26T10:30:00Z,2461278.937500000,42037.533977191,-3305.192273894,26.616214000,0.241043754,3.065112613,0.000562799,42017.015712567,-3555.670542955,-82.854532510,-42017.015712567,3555.670542955,82.854532510,226520.729349330,-259817.268606765,-125646.316500791,-134556013.435552597,63306097.339990400,27441311.385474689
2026-08-26T10:35:00Z,2461278.940972222,42099.783030719,-2384.961300977,26.777909934,0.173944904,3.069650479,0.000518377,42084.748217325,-2635.826993856,-82.898975238,-42084.748217325,2635.826993856,82.898975238,226664.091886840,-260555.538513699,-125538.582088445,-134560012.079959959,63297914.659640454,27438163.501020174
2026-08-26T10:40:00Z,2461278.944444444,42141.889594915,-1463.589260274,26.925681746,0.106762899,3.072719679,0.000473707,42132.345427060,-1714.722351461,-82.904869489,-42132.345427060,1714.722351461,82.904869489,226827.435727425,-261294.916965944,-125430.813348061,-134563990.125935525,63289730.501250483,27435015.484054387
2026-08-26T10:45:00Z,2461278.947916667,42163.833544645,-541.516979645,27.059457900,0.039529880,3.074318745,0.000428813,42159.784589659,-792.797315741,-82.872213303,-42159.784589659,792.797315741,82.872213303,227010.783481897,-262034.963366602,-125323.010342740,-134567947.550713211,63281545.305547364,27431867.334587090
2026-08-26T10:50:00Z,2461278.951388889,42165.604400960,380.814378933,27.179174116,-0.027721986,3.074446917,0.000383718,42167.052597009,129.507021750,-82.801022604,-42167.052597009,-129.507021750,82.801022604,227214.148121481,-262775.236717883,-125215.173113690,-134571884.341176182,63273359.513636164,27428719.052639652
2026-08-26T10:55:00Z,2461278.954861111,42147.201336062,1302.963530391,27.284773397,-0.094960525,3.073104136,0.000338445,42154.145991228,1051.749388837,-82.691331189,-42154.145991228,-1051.749388837,82.691331189,227437.532973433,-263515.295829169,-125107.301678894,-134575800.493848264,63265173.566825882,27425570.638261683
2026-08-26T11:00:00Z,2461278.958333333,42108.633173668,2224.489277666,27.376206065,-0.162153570,3.070291047,0.000293018,42121.070966283,1973.488543835,-82.543190714,-42121.070966283,-1973.488543835,82.543190714,227680.931700406,-264254.699566634,-124999.396049999,-134579696.014913946,63256987.906371787,27422422.091510613
2026-08-26T11:05:00Z,2461278.961805556,42049.918384754,3144.950722749,27.453429781,-0.229268974,3.066008999,0.000247460,42067.843364995,2894.283486602,-82.356670664,-42067.843364995,-2894.283486602,82.356670664,227944.328330580,-264993.007010261,-124891.456208697,-134583570.920202404,63248802.973300442,27419273.412467174
2026-08-26T11:10:00Z,2461278.965277778,41971.085078678,4063.907477589,27.516409566,-0.296274629,3.060260042,0.000201795,41994.488671417,3813.693669514,-82.131858324,-41994.488671417,-3813.693669514,82.131858324,228227.697241953,-265729.777708077,-124783.482125688,-134587425.235182494,63240619.208186805,27416124.601230148
2026-08-26T11:15:00Z,2461278.968750000,41872.170989709,4980.919874752,27.565117821,-0.363138478,3.053046929,0.000156047,41901.041998620,4731.279208179,-81.868858729,-41901.041998620,-4731.279208179,81.868858729,228531.003177593,-266464.571884527,-124675.473759601,-134591258.994959474,63232437.050928339,27412975.657910142
2026-08-26T11:20:00Z,2461278.972222222,41753.223458938,5895.549177733,27.599534340,-0.429828534,3.044373114,0.000110240,41787.548071856,5646.601091865,-81.567794623,-41787.548071856,-5646.601091865,81.567794623,228854.201288231,-267196.950600644,-124567.431035327,-134595072.244238704,63224256.940573059,27409826.582645889
2026-08-26T11:25:00Z,2461278.975694444,41614.299411604,6807.357790822,27.619646317,-0.496312891,3.034242748,0.000064396,41654.061207137,6559.221393491,-81.228806392,-41654.061207137,-6559.221393491,81.228806392,229197.237110423,-267926.476044538,-124459.353878899,-134598865.037330329,63216079.315057710,27406677.375581682
2026-08-26T11:30:00Z,2461278.979166667,41455.465329831,7715.909468422,27.625448353,-0.562559743,3.022660680,0.000018540,41500.645285223,7468.703479114,-80.852052001,-41500.645285223,-7468.703479114,80.852052001,229560.046638099,-268652.711655360,-124351.242180599,-134602637.438095242,63207904.611053392,27403528.036891516
2026-08-26T11:35:00Z,2461278.982638889,41276.797220804,8620.769523727,27.616942459,-0.628537397,3.009632454,-0.000027304,41327.373721033,8374.612216779,-80.437706920,-41327.373721033,-8374.612216779,80.437706920,229942.556313574,-269375.222408837,-124243.095828127,-134606389.519938797,63199733.263708703,27400378.566757783
2026-08-26T11:40:00Z,2461278.986111111,41078.380580377,9521.505036641,27.594138054,-0.694214290,2.995164303,-0.000073113,41134.329428506,9276.514184659,-79.985964038,-41134.329428506,-9276.514184659,79.985964038,230344.683089362,-270093.574973633,-124134.914684378,-134610121.365765274,63191565.706462264,27397228.965380501
2026-08-26T11:45:00Z,2461278.989583333,40860.310352156,10417.685060860,27.557051958,-0.759559000,2.979263152,-0.000118863,40921.604780907,10173.977878378,-79.497033573,-40921.604780907,-10173.977878378,79.497033573,230766.334455443,-270807.337940144,-124026.698596770,-134613833.067928374,63183402.370855406,27394079.232985608
2026-08-26T11:50:00Z,2461278.993055556,40622.690882057,11308.880830005,27.505708382,-0.824540268,2.961936610,-0.000164530,40689.301566622,11066.573917410,-78.971142976,-40689.301566622,-11066.573917410,78.971142976,231207.408488840,-271516.082021722,-123918.447395079,-134617524.728207827,63175243.686282054,27390929.369806293
2026-08-26T11:55:00Z,2461278.996527778,40365.635868368,12194.665962720,27.440138917,-0.889127006,2.943192966,-0.000210091,40437.530940439,11953.875250463,-78.408536820,-40437.530940439,-11953.875250463,78.408536820,231667.793899155,-272219.380261282,-123810.160892083,-134621196.457744718,63167090.079820476,27387779.376098547
2026-08-26T12:00:00Z,2461279.000000000,40089.268307346,13074.616666610,27.360382515,-0.953288315,2.923041190,-0.000255522,40166.413370364,12835.457359754,-77.809476685,-40166.413370364,-12835.457359754,77.809476685,232147.370085731,-272916.808228680,-123701.838880809,-134624848.376993775,63158941.976011708,27384629.252133787
2026-08-26T12:05:00Z,2461279.003472222,39793.720434356,13948.311940962,27.266485467,-1.016993502,2.901490925,-0.000300800,39876.078579971,13710.898464060,-77.174241039,-39876.078579971,-13710.898464060,77.174241039,232646.007178628,-273607.944258692,-123593.481149667,-134628480.615665734,63150799.796660535,27381478.998200599
2026-08-26T12:10:00Z,2461279.006944444,39479.133660603,14815.333778112,27.158501380,-1.080212089,2.878552480,-0.000345901,39566.665486332,14579.779720467,-76.503125105,-39566.665486332,-14579.779720467,76.503125105,233163.566141623,-274292.369574472,-123485.087448564,-134632093.312663853,63142663.960633539,27378328.614604242
2026-08-26T12:15:00Z,2461279.010416667,39145.658505472,15675.267363395,27.036491149,-1.142913834,2.854236832,-0.000390802,39238.322133551,15441.685424722,-75.796440723,-39238.322133551,-15441.685424722,75.796440723,233699.898783564,-274969.668584598,-123376.657531205,-134635686.616018474,63134534.883661762,27375178.101667933
2026-08-26T12:20:00Z,2461279.013888889,38793.454524510,16527.701273554,26.900522919,-1.205068739,2.828555613,-0.000435480,38891.205621929,16296.203210062,-75.054516204,-38891.205621929,-16296.203210062,75.054516204,234254.847870983,-275639.429016935,-123268.191126881,-134639260.682821929,63126412.978124738,27372027.459725350
2026-08-26T12:25:00Z,2461279.017361111,38422.690233095,17372.227673535,26.750672058,-1.266647070,2.801521112,-0.000479911,38525.482032811,17142.924244463,-74.277696178,-38525.482032811,-17142.924244463,74.277696178,234828.247190004,-276301.242127616,-123159.687945760,-134642815.679135561,63118298.652892366,27368876.689137269
2026-08-26T12:30:00Z,2461279.020833333,38033.543025811,18208.442511561,26.587021108,-1.327619367,2.773146262,-0.000524073,38141.326349123,17981.443426186,-73.466341432,-38141.326349123,-17981.443426186,73.466341432,235419.921621344,-276954.702913418,-123051.147686364,-134646351.779936135,63110192.313075826,27365725.790268417
2026-08-26T12:35:00Z,2461279.024305556,37626.199091584,19035.945712401,26.409659745,-1.387956463,2.743444639,-0.000567944,37738.922371659,18811.359577560,-72.620828740,-37738.922371659,-18811.359577560,72.620828740,236029.687230497,-277599.410288198,-122942.570028187,-134649869.169004411,63102094.359890096,27362574.763511620
2026-08-26T12:40:00Z,2461279.027777778,37200.853324611,19854.341368735,26.218684735,-1.447629492,2.712430453,-0.000611499,37318.462631156,19632.275636865,-71.741550691,-37318.462631156,-19632.275636865,71.741550691,236657.351347333,-278234.967292888,-122833.954639803,-134653368.038862526,63094005.190413304,27359423.609266214
2026-08-26T12:45:00Z,2461279.031250000,36757.709231124,20663.237930522,26.014199876,-1.506609905,2.680118541,-0.000654718,36880.148296190,20443.798848247,-70.828915504,-36880.148296190,-20443.798848247,70.828915504,237302.712672088,-278860.981263246,-122725.301169264,-134656848.590668082,63085925.197418198,27356272.327947650
2026-08-26T12:50:00Z,2461279.034722222,36296.978832044,21462.248392286,25.796315948,-1.564869488,2.646524363,-0.000697577,36424.189076943,21245.540949596,-69.883346837,-36424.189076943,-21245.540949596,69.883346837,237965.561359124,-279477.064029565,-122616.609249631,-134660311.034112692,63077854.769203953,27353120.919995468
2026-08-26T12:55:00Z,2461279.038194444,35818.882561553,22250.990478233,25.565150654,-1.622380369,2.611663990,-0.000740054,35950.803124881,22037.118358251,-68.905283591,-35950.803124881,-22037.118358251,68.905283591,238645.679122845,-280082.832107622,-122507.878501279,-134663755.587339133,63069794.289366424,27349969.385854010
2026-08-26T13:00:00Z,2461279.041666667,35323.649161645,23029.086825100,25.320828557,-1.679115035,2.575554100,-0.000782129,35460.216928401,22818.152354488,-67.895179706,-35460.216928401,-22818.152354488,67.895179706,239342.839334184,-280677.906880809,-122399.108531626,-134667182.476821721,63061744.136652261,27346817.725988794
2026-08-26T13:05:00Z,2461279.045138889,34811.515572716,23796.165162657,25.063481013,-1.735046343,2.538211969,-0.000823778,34952.665204499,23588.269262649,-66.853503949,-34952.665204499,-23588.269262649,66.853503949,240056.807150371,-281261.914755237,-122290.298923993,-134670591.937264264,63053704.684760675,27343665.940878440
2026-08-26T13:10:00Z,2461279.048611111,34282.726820218,24551.858491774,24.793246106,-1.790147536,2.499655460,-0.000864980,34428.390786479,24347.100629903,-65.780739696,-34428.390786479,-24347.100629903,65.780739696,240787.339598393,-281834.487381286,-122181.449256391,-134673984.211487055,63045676.302167736,27340514.031016331
2026-08-26T13:15:00Z,2461279.052083333,33737.535897458,25295.805259966,24.510268572,-1.844392255,2.459903020,-0.000905715,33887.644507811,25094.283402476,-64.677384709,-33887.644507811,-25094.283402476,64.677384709,241534.185711534,-282395.261800339,-122072.559088977,-134677359.550310642,63037659.351951055,27337361.996910304
2026-08-26T13:20:00Z,2461279.055555556,33176.203644578,26027.649534336,24.214699724,-1.897754547,2.418973666,-0.000945961,33330.685082139,25829.460099312,-63.543950903,-33330.685082139,-25829.460099312,63.543950903,242297.086640876,-282943.880628490,-121963.627968611,-134680718.212434083,63029654.191618145,27334209.839083567
2026-08-26T13:25:00Z,2461279.059027778,32598.998623792,26747.041171825,23.906697373,-1.950208884,2.376886979,-0.000985698,32757.778979538,26552.278983066,-62.380964108,-32757.778979538,-26552.278983066,62.380964108,243075.775779991,-283479.992227410,-121854.655429045,-134684060.464319617,63021661.172919951,27331057.558067616
2026-08-26T13:30:00Z,2461279.062500000,32006.196990926,27453.635986703,23.586425743,-2.001730172,2.333663092,-0.001024905,32169.200299046,27262.394228358,-61.188963826,-32169.200299046,-27262.394228358,61.188963826,243869.978899285,-284003.250861368,-121745.640986323,-134687386.580046386,63013680.641718775,27327905.154417783
2026-08-26T13:35:00Z,2461279.065972222,31398.082363323,28147.095915199,23.254055390,-2.052293762,2.289322685,-0.001063561,31565.230637567,27959.466087184,-59.968502981,-31565.230637567,-27959.466087184,59.968502981,244679.414269619,-284513.316874641,-121636.584144172,-134690696.841201812,63005712.937779568,27324752.628694050
2026-08-26T13:40:00Z,2461279.069444444,30774.945684189,28827.089177216,22.909763105,-2.101875464,2.243886969,-0.001101648,30946.158955171,28643.161051440,-58.720147660,-30946.158955171,-28643.161051440,58.720147660,245503.792787131,-285009.856873872,-121527.484403006,-134693991.536736131,62997758.394626766,27321599.981469538
2026-08-26T13:45:00Z,2461279.072916667,30137.085083421,29493.290435035,22.553731828,-2.150451559,2.197377680,-0.001139146,30312.281436879,29313.152012450,-57.444476855,-30312.281436879,-29313.152012450,57.444476855,246342.818143882,-285492.543825829,-121418.341233188,-134697270.962814778,62989817.339406297,27318447.213339038
2026-08-26T13:50:00Z,2461279.076388889,29484.805735021,30145.380948935,22.186150548,-2.197998806,2.149817068,-0.001176034,29663.901351003,29969.118417433,-56.142082189,-29663.901351003,-29969.118417433,56.142082189,247196.186926423,-285961.057295173,-121309.154110729,-134700535.422700405,62981890.092680775,27315294.324898299
2026-08-26T13:55:00Z,2461279.079861111,28818.419711116,30783.048729667,21.807214205,-2.244494458,2.101227886,-0.001212295,29001.328904080,30610.746422847,-54.813567646,-29001.328904080,-30610.746422847,54.813567646,248063.588804687,-286415.083514359,-121199.922481268,-134703785.226578712,62973976.968330875,27312141.316767257
2026-08-26T14:00:00Z,2461279.083333333,28138.245832699,31405.988687692,21.417123589,-2.289916271,2.051633378,-0.001247910,28324.881092498,31237.729044514,-53.459549288,-28324.881092498,-31237.729044514,53.459549288,248944.706637479,-286854.315617250,-121090.645796668,-134707020.691439301,62966078.273353785,27308988.189567242
2026-08-26T14:05:00Z,2461279.086805556,27444.609517127,32013.902779132,21.016085234,-2.334242514,2.001057270,-0.001282861,27634.881550879,31849.766304471,-52.080654972,-27634.881550879,-31849.766304471,52.080654972,249839.216665947,-287278.453704804,-120981.323479957,-134710242.140901417,62958194.307754867,27305834.943937995
2026-08-26T14:10:00Z,2461279.090277778,26737.842622480,32606.500148331,20.604311308,-2.377451981,1.949523757,-0.001317129,26931.660397282,32446.565374462,-50.677524058,-26931.660397282,-32446.565374462,50.677524058,250746.788635350,-287687.205050288,-120871.954952543,-134713449.905068815,62950325.364388846,27302681.580529969
2026-08-26T14:15:00Z,2461279.093750000,26018.283288920,33183.497266926,20.182019505,-2.419523999,1.897057492,-0.001350696,26215.554075401,33027.840715951,-49.250807113,-26215.554075401,-33027.840715951,49.250807113,251667.085963036,-288080.284221965,-120762.539626884,-134716644.320377558,62942471.728807449,27299528.099999398
2026-08-26T14:20:00Z,2461279.097222222,25286.275776787,33744.618069627,19.749432930,-2.460438438,1.843683574,-0.001383547,25486.905193457,33593.314216866,-47.801165610,-25486.905193457,-33593.314216866,47.801165610,252599.765915272,-288457.413191611,-120653.076894597,-134719825.729415596,62934633.679160208,27296374.503023680
2026-08-26T14:25:00Z,2461279.100694444,24542.170301885,34289.594086301,19.306779979,-2.500175726,1.789427538,-0.001415664,24746.062360303,34142.715324654,-46.329271621,-24746.062360303,-34142.715324654,46.329271621,253544.479742623,-288818.321514489,-120543.566147094,-134722994.480784208,62926811.486012563,27293220.790280294
2026-08-26T14:30:00Z,2461279.104166667,23786.322868216,34818.164570221,18.854294224,-2.538716849,1.734315337,-0.001447030,23993.380018898,34675.781175534,-44.835807507,-23993.380018898,-34675.781175534,44.835807507,254500.872869314,-289162.746424411,-120434.006761062,-134726150.928911686,62919005.412255406,27290066.962463155
2026-08-26T14:35:00Z,2461279.107638889,23019.095097583,35330.076622901,18.392214290,-2.576043369,1.678373338,-0.001477630,23229.218276671,35192.256720344,-43.321465600,-23229.218276671,-35192.256720344,43.321465600,255468.585059452,-289490.432958767,-120324.398098424,-134729295.433892310,62911215.712961353,27286913.020274621
2026-08-26T14:40:00Z,2461279.111111111,22240.854056630,35825.085315081,17.920783725,-2.612137425,1.621628303,-0.001507448,22453.942733278,35691.894846552,-41.786947886,-22453.942733278,-35691.894846552,41.786947886,256447.250576416,-289801.134110452,-120214.739519730,-134732428.361311555,62903442.635269985,27283758.964428116
2026-08-26T14:45:00Z,2461279.114583333,21451.972081272,36302.953803906,17.440250880,-2.646981750,1.564107377,-0.001536469,21667.924305754,36174.456496472,-40.232965679,-21667.924305754,-36174.456496472,40.232965679,257436.498365990,-290094.610926427,-120105.030375756,-134735550.082078218,62895686.418251574,27280604.795640230
2026-08-26T14:50:00Z,2461279.118055556,20652.826598598,36763.453446239,16.950868773,-2.680559672,1.505838079,-0.001564677,20871.539051064,36639.710781655,-38.660239289,-20871.539051064,-36639.710781655,38.660239289,258435.952247578,-290370.632598223,-119995.269997634,-134738660.972229689,62887947.292832434,27277450.514647540
2026-08-26T14:55:00Z,2461279.121527778,19843.799946354,37206.363908048,16.452894961,-2.712855125,1.446848283,-0.001592059,20065.167986263,37087.435093332,-37.069497695,-20065.167986263,-37087.435093332,37.069497695,259445.231060847,-290628.976633075,-119885.457723474,-134741761.412776619,62880225.481630653,27274296.122182760
2026-08-26T15:00:00Z,2461279.125000000,19025.279190060,37631.473269827,15.946591401,-2.743852657,1.387166211,-0.001618601,19249.196906239,37517.415208935,-35.461478202,-19249.196906239,-37517.415208935,35.461478202,260463.948883180,-290869.428895840,-119775.592870672,-134744851.789494097,62872521.198906563,27271141.618999399
2026-08-26T15:05:00Z,2461279.128472222,18197.655937880,38038.578127990,15.432224316,-2.773537436,1.326820414,-0.001644288,18424.016199190,37929.445394583,-33.836926102,-18424.016199190,-37929.445394583,33.836926102,261491.715193946,-291091.783750934,-119665.674753302,-134747932.492761314,62864834.650409803,27267987.005849436
2026-08-26T15:10:00Z,2461279.131944444,17361.326153299,38427.483692194,14.910064056,-2.801895258,1.265839760,-0.001669109,17590.020659888,38323.328503524,-32.196594331,-17590.020659888,-38323.328503524,32.196594331,262528.135058783,-291295.844160204,-119555.702682339,-134751003.917362779,62857166.033304460,27264832.283493057
2026-08-26T15:15:00Z,2461279.135416667,16516.689965740,38798.003878540,14.380384953,-2.828912556,1.204253423,-0.001693050,16747.609300851,38698.876070470,-30.541243122,-16747.609300851,-38698.876070470,30.541243122,263572.809338639,-291481.421746558,-119445.675952580,-134754066.462291688,62849515.536092766,27261677.452706348
2026-08-26T15:20:00Z,2461279.138888889,15664.151479173,39149.961398620,13.843465182,-2.854576400,1.142090865,-0.001716100,15897.185161488,39055.908401768,-28.871639647,-15897.185161488,-39055.908401768,28.871639647,264625.334858665,-291648.336917855,-119335.593857675,-134757120.530581623,62841883.338477969,27258522.514260381
2026-08-26T15:25:00Z,2461279.142361111,14804.118578820,39483.187844347,13.299586612,-2.878874512,1.079381824,-0.001738246,15039.155115315,39394.254661392,-27.188557672,-15039.155115315,-39394.254661392,27.188557672,265685.304612002,-291796.418937216,-119225.455683670,-134760166.529086471,62834269.611333318,27255367.468944851
2026-08-26T15:30:00Z,2461279.145833333,13937.002736059,39797.523768548,12.749034660,-2.901795263,1.016156302,-0.001759478,14173.929675344,39713.752952695,-25.492777192,-14173.929675344,-39713.752952695,25.492777192,266752.307955879,-291925.506003016,-119115.260708573,-134763204.868309855,62826674.516568914,27252212.317545507
2026-08-26T15:35:00Z,2461279.149305556,13063.218811606,40092.818761267,12.192098142,-2.923327686,0.952444544,-0.001779784,13301.922797711,40014.250395884,-23.785084074,-13301.922797711,-40014.250395884,23.785084074,267825.930794606,-292035.445344848,-119005.008210772,-134766235.962194771,62819098.207091212,27249057.060859464
2026-08-26T15:40:00Z,2461279.152777778,12183.184857078,40368.931521747,11.629069123,-2.943461476,0.888277030,-0.001799155,12423.551683702,40295.603201176,-22.066269694,-12423.551683702,-40295.603201176,22.066269694,268905.755800943,-292126.093261021,-118894.697453934,-134769260.227928847,62811540.826713562,27245901.699688055
2026-08-26T15:45:00Z,2461279.156250000,11297.321915027,40625.729926059,11.060242759,-2.962186998,0.823684459,-0.001817580,11539.236580152,40557.676737632,-20.337130570,-11539.236580152,-40557.676737632,20.337130570,269991.362596038,-292197.315216699,-118784.327700030,-134772278.085744709,62804002.510093778,27242746.234839346
2026-08-26T15:50:00Z,2461279.159722222,10406.053817541,40863.091090341,10.485917151,-2.979495292,0.758697732,-0.001835052,10649.400578465,40800.345597579,-18.598467997,-10649.400578465,-40800.345597579,18.598467997,271082.327948897,-292248.985916652,-118673.898213363,-134775289.958726257,62796483.382652484,27239590.667120103
2026-08-26T15:55:00Z,2461279.163194444,9509.806983506,41080.901429618,9.906393180,-2.995378072,0.693347939,-0.001851559,9754.469412211,41023.493656650,-16.851087673,-9754.469412211,-41023.493656650,16.851087673,272178.225999767,-292280.989325682,-118563.408243719,-134778296.272586048,62788983.560551532,27236434.997351848
2026-08-26T16:00:00Z,2461279.166666667,8609.010214643,41279.056712174,9.321974358,-3.009827738,0.627666343,-0.001867096,8854.871253493,41227.014129365,-15.095799330,-8854.871253493,-41227.014129365,15.095799330,273278.628440724,-292293.218760874,-118452.857042764,-134781297.455489427,62781503.150589675,27233279.226350084
2026-08-26T16:05:00Z,2461279.170138889,7704.094490387,41457.462109457,8.732966664,-3.022837373,0.561684368,-0.001881653,7951.036508128,41410.809620255,-13.333416361,-7951.036508128,-41410.809620255,13.333416361,274383.104735248,-292285.576926138,-118342.243856988,-134784293.937827408,62774042.250189014,27230123.354939383
2026-08-26T16:10:00Z,2461279.173611111,6795.492761732,41616.032241479,8.139678386,-3.034400750,0.495433580,-0.001895224,7043.397609773,41574.792170497,-11.564755441,-7043.397609773,-41574.792170497,11.564755441,275491.222315839,-292257.975962542,-118231.567929923,-134787286.152018905,62766600.947335236,27226967.383947935
2026-08-26T16:15:00Z,2461279.177083333,5883.639744126,41754.691217705,7.542419958,-3.044512333,0.428945675,-0.001907801,6132.388813062,41718.883300030,-9.790636153,-6132.388813062,-41718.883300030,9.790636153,276602.546794887,-292210.337492758,-118120.828503395,-134790274.532310665,62759179.320521690,27223811.314200908
2026-08-26T16:20:00Z,2461279.180555556,4968.971709530,41873.372673399,6.941503801,-3.053167282,0.362252461,-0.001919379,5218.445985875,41843.014045145,-8.011880608,-5218.445985875,-41843.014045145,8.011880608,277716.642178871,-292142.592638957,-118010.024809429,-134793259.514550537,62751777.438749231,27220655.146536268
2026-08-26T16:25:00Z,2461279.184027778,4051.926277716,41972.019801416,6.337244157,-3.060361452,0.295385846,-0.001929953,4302.006400861,41947.124991515,-6.229313069,-4302.006400861,-41947.124991515,6.229313069,278833.071054394,-292054.682103763,-117899.156091336,-134796241.536003947,62744395.361445636,27217498.881783925
2026-08-26T16:30:00Z,2461279.187500000,3132.942206934,42050.585379424,5.729956925,-3.066091397,0.228377819,-0.001939516,3383.508526233,42031.166302668,-4.443759565,-3383.508526233,-42031.166302668,4.443759565,279951.394824646,-291946.556144492,-117788.221580643,-134799221.035124004,62737033.138473868,27214342.520781148
2026-08-26T16:35:00Z,2461279.190972222,2212.459184019,42109.031792541,5.119959497,-3.070354373,0.161260440,-0.001948064,2463.391816049,42095.097743873,-2.656047514,-2463.391816049,-42095.097743873,2.656047514,281071.173901516,-291818.174629227,-117677.220511420,-134802198.451352179,62729690.810092233,27211186.064365450
2026-08-26T16:40:00Z,2461279.194444444,1290.917614058,42147.331051378,4.507570591,-3.073148336,0.094065818,-0.001955593,1542.096499953,42138.888701436,-0.867005342,-1542.096499953,-42138.888701436,0.867005342,282191.967929601,-291669.507033561,-117566.152110861,-134805174.224904895,62722368.406938061,27208029.513375163
2026-08-26T16:45:00Z,2461279.197916667,368.758409715,42165.464805473,3.893110086,-3.074471945,0.026826102,-0.001962100,620.063372629,42162.518197393,0.922537903,-620.063372629,-42162.518197393,-0.922537903,283313.335977788,-291500.532487825,-117455.015613785,-134808148.796562076,62715065.950016029,27204872.868650876
2026-08-26T16:50:00Z,2461279.201388889,-553.577219696,42163.424352128,3.276898852,-3.074324564,-0.040426539,-0.001967582,-302.266417111,42165.974899596,2.711752930,302.266417111,-42165.974899596,-2.711752930,284434.836766113,-291311.239759201,-117343.810250864,-134811122.607463866,62707783.450674839,27201716.131028745
2026-08-26T16:55:00Z,2461279.204861111,-1475.647979277,42141.210640617,2.659258586,-3.072706259,-0.107659929,-0.001972036,-1224.451577339,42149.257127187,4.499810589,1224.451577339,-42149.257127187,-4.499810589,285556.028869056,-291101.627271039,-117232.535255075,-134814096.098886311,62700520.910622522,27198559.301349476
2026-08-26T17:00:00Z,2461279.208333333,-2397.012699664,42098.834271785,2.040511641,-3.069617800,-0.174841901,-0.001975459,-2146.050884137,42112.372851451,6.285882254,2146.050884137,-42112.372851451,-6.285882254,286676.470934520,-290871.703088337,-117121.189855313,-134817069.712040931,62693278.321911089,27195402.380451657
2026-08-26T17:05:00Z,2461279.211805556,-3317.230548071,42036.315493028,1.420980858,-3.065060662,-0.241940314,-0.001977852,-3066.623392654,42055.339692057,8.069140205,3066.623392654,-42055.339692057,-8.069140205,287795.721882701,-290621.484938204,-117009.773287438,-134820043.887860239,62686055.666944318,27192245.369172908
2026-08-26T17:10:00Z,2461279.215277778,-4235.861239189,41953.684188665,0.800989398,-3.059037019,-0.308923063,-0.001979212,-3985.728648080,41978.184908680,9.848758005,3985.728648080,-41978.184908680,-9.848758005,288913.341130345,-290351.000174121,-116898.284782576,-134823019.066785246,62678852.918486059,27189088.268349666
2026-08-26T17:15:00Z,2461279.218750000,-5152.465245823,41850.979865688,0.180860573,-3.051549749,-0.375758102,-0.001979540,-4902.926896350,41880.945388017,11.623910891,4902.926896350,-41880.945388017,-11.623910891,290028.888792685,-290060.285783464,-116786.723576614,-134825995.688555092,62671670.039676510,27185931.078818239
2026-08-26T17:20:00Z,2461279.222222222,-6066.604009167,41728.251634922,-0.439082321,-3.042602432,-0.442413454,-0.001978836,-5817.779294520,41763.667626194,13.393776145,5817.779294520,-41763.667626194,-13.393776145,291141.925890609,-289749.388370216,-116675.088910493,-134828974.192007005,62664506.984032258,27182773.801406547
2026-08-26T17:25:00Z,2461279.225694444,-6977.840148613,41585.558187583,-1.058516178,-3.032199343,-0.508857228,-0.001977100,-6729.848120732,41626.407706575,15.157533476,6729.848120732,-41626.407706575,-15.157533476,292252.014575862,-289418.364112108,-116563.380021840,-134831955.014840275,62657363.695507944,27179616.436951201
2026-08-26T17:30:00Z,2461279.229166667,-7885.737671010,41422.967767257,-1.677118246,-3.020345454,-0.575057634,-0.001974333,-7638.696983615,41469.231272990,16.914365404,7638.696983615,-41469.231272990,-16.914365404,293358.718323164,-289067.278757273,-116451.596155373,-134834938.593439043,62650240.108475737,27176458.986276314
2026-08-26T17:35:00Z,2461279.232638889,-8789.862179253,41240.558137306,-2.294566296,-3.007046435,-0.640982996,-0.001970539,-8543.891031085,41292.213498384,18.663457626,8543.891031085,-41292.213498384,-18.663457626,294461.602145974,-288696.207586810,-116339.736560600,-134837925.362644851,62643136.147779256,27173301.450203396
2026-08-26T17:40:00Z,2461279.236111111,-9689.781080115,41038.416543722,-2.910538794,-2.992308642,-0.706601774,-0.001965718,-9444.997158372,41095.439048914,20.403999402,9444.997158372,-41095.439048914,-20.403999402,295560.232815482,-288305.235354377,-116227.800481745,-134840915.755542308,62636051.728790216,27170143.829559129
2026-08-26T17:45:00Z,2461279.239583333,-10585.063791217,40816.639673445,-3.524715065,-2.976139122,-0.771882571,-0.001959874,-10341.584215250,40879.002043496,22.135183923,10341.584215250,-40879.002043496,-22.135183923,296654.179047056,-287894.456287368,-116115.787175982,-134843910.203274518,62628986.757402182,27166986.125155680
2026-08-26T17:50:00Z,2461279.243055556,-11475.281947039,40575.333608163,-4.136775462,-2.958545608,-0.836794152,-0.001953011,-11233.223212319,40643.006008835,23.856208684,11233.223212319,-40643.006008835,-23.856208684,297743.011718669,-287463.974017280,-116003.695903276,-134846909.134815991,62621941.130115509,27163828.337807074
2026-08-26T17:55:00Z,2461279.246527778,-12360.009603871,40314.613773617,-4.746401532,-2.939536513,-0.901305460,-0.001945131,-12119.487526240,40387.563829958,25.566275853,12119.487526240,-40387.563829958,-25.566275853,298826.304076678,-287013.901527402,-115891.525925351,-134849912.976777703,62614914.734068528,27160670.468320992
2026-08-26T18:00:00Z,2461279.250000000,-13238.823443614,40034.604884439,-5.353276183,-2.919120927,-0.965385627,-0.001936240,-12999.953103880,40112.797696257,27.264592644,12999.953103880,-40112.797696257,-27.264592644,299903.631940835,-286544.361105168,-115779.276508914,-134852922.153198808,62607907.447095610,27157512.517500348
2026-08-26T18:05:00Z,2461279.253472222,-14111.302976321,39735.440884539,-5.957083852,-2.897308613,-1.029003993,-0.001926343,-13874.198665189,39818.839043095,28.950371674,13874.198665189,-39818.839043095,-28.950371674,300974.573894527,-286055.484294866,-115666.946930909,-134855937.085347384,62600919.137784652,27154354.486142449
2026-08-26T18:10:00Z,2461279.256944444,-14977.030741391,39417.264883082,-6.557510665,-2.874110004,-1.092130119,-0.001915445,-14741.805904783,39505.828488977,30.622831334,14741.805904783,-39505.828488977,-30.622831334,302038.711507134,-285547.411809710,-115554.536467694,-134858958.191515207,62593949.665540688,27151196.375038769
2026-08-26T18:15:00Z,2461279.260416667,-15835.592507313,39080.229086078,-7.154244603,-2.849536195,-1.154733798,-0.001903553,-15602.359692081,39173.915768334,32.281196144,15602.359692081,-39173.915768334,-32.281196144,303095.629516591,-285020.293486622,-115442.044405303,-134861985.886820406,62586998.880652592,27148038.184974838
2026-08-26T18:20:00Z,2461279.263888889,-16686.577469875,38724.494723620,-7.746975665,-2.823598938,-1.216785077,-0.001890672,-16455.448269955,38823.259659941,33.924697113,16455.448269955,-38823.259659941,-33.924697113,304144.916033227,-284474.288209567,-115329.470037388,-134865020.583003551,62580066.624372147,27144879.916732658
2026-08-26T18:25:00Z,2461279.267361111,-17529.578448725,38350.231972800,-8.335396030,-2.796310639,-1.278254264,-0.001876810,-17300.663451736,38454.027911011,35.552572094,17300.663451736,-38454.027911011,-35.552572094,305186.162734955,-283909.563838570,-115216.812667718,-134868062.688249022,62573152.728954732,27141721.571075216
2026-08-26T18:30:00Z,2461279.270833333,-18364.192082215,37957.619876347,-8.919200218,-2.767684350,-1.339111948,-0.001861975,-18137.600816545,38066.397156990,37.164066134,18137.600816545,-38066.397156990,-37.164066134,306218.965083548,-283326.297086688,-115104.071592027,-134871112.606949896,62566257.017816149,27138563.148779571
2026-08-26T18:35:00Z,2461279.274305556,-19190.019020402,37546.846257025,-9.498085248,-2.737733763,-1.399329007,-0.001846174,-18965.859902805,37660.552837111,38.758431820,18965.859902805,-37660.552837111,-38.758431820,307242.922476613,-282724.673513616,-114991.246132204,-134874170.739567012,62559379.305519372,27135404.650593799
2026-08-26T18:40:00Z,2461279.277777778,-20006.664116154,37118.107627823,-10.071750795,-2.706473205,-1.458876629,-0.001829416,-19785.044399865,37236.689105722,40.334929629,19785.044399865,-37236.689105722,-40.334929629,308257.638473862,-282104.887375519,-114878.335609881,-134877237.482393324,62552519.397941343,27132246.077270761
2026-08-26T18:45:00Z,2461279.281250000,-20813.736614225,36671.609097991,-10.639899351,-2.673917628,-1.517726320,-0.001811711,-20594.762337643,36795.008739456,41.892828265,20594.762337643,-36795.008739456,-41.892828265,309262.720977036,-281467.141548680,-114765.339354043,-134880313.227386236,62545677.092327990,27129087.429551397
2026-08-26T18:50:00Z,2461279.284722222,-21610.850338255,36207.564274963,-11.202236375,-2.640082604,-1.575849919,-0.001793068,-21394.626274203,36335.723040258,43.431404996,21394.626274203,-36335.723040258,-43.431404996,310257.782414280,-280811.647437676,-114652.256703538,-134883398.361974537,62538852.177401468,27125928.708168782
2026-08-26T18:55:00Z,2461279.288194444,-22397.623875558,35726.195162203,-11.758470450,-2.604984318,-1.633219615,-0.001773497,-22184.253481150,35859.051734351,44.949945990,22184.253481150,-35859.051734351,-44.949945990,311242.439926863,-280138.624871139,-114539.087005961,-134886493.268874228,62532044.433458596,27122769.913846262
2026-08-26T19:00:00Z,2461279.291666667,-23173.680759652,35227.732053052,-12.308313435,-2.568639560,-1.689807954,-0.001753008,-22963.266126784,35365.222867158,46.447746642,22963.266126784,-35365.222867158,-46.447746642,312216.315554329,-279448.301994462,-114425.829617161,-134889598.325903803,62525253.632477589,27119611.047298733
2026-08-26T19:05:00Z,2461279.295138889,-23938.649650413,34712.413420583,-12.851480611,-2.531065716,-1.745587859,-0.001731613,-23731.291456914,34854.472694243,47.924111900,23731.291456914,-34854.472694243,-47.924111900,313179.036411270,-278740.915169025,-114312.483904998,-134892713.905804694,62518479.538226239,27116452.109230995
2026-08-26T19:10:00Z,2461279.298611111,-24692.164511791,34180.485803561,-13.387690834,-2.492280759,-1.800532637,-0.001709323,-24487.961973244,34327.045568326,49.378356583,24487.961973244,-34327.045568326,-49.378356583,314130.234870035,-278016.708851217,-114199.049246356,-134895840.376062363,62511721.906375356,27113293.100338332
2026-08-26T19:15:00Z,2461279.302083333,-25433.864786971,33632.203688534,-13.916666681,-2.452303242,-1.854615996,-0.001686150,-25232.915609240,33783.193822420,50.809805701,25232.915609240,-33783.193822420,-50.809805701,315069.548729008,-277275.935484230,-114085.525031136,-134898978.098730266,62504980.484615251,27110134.021305561
2026-08-26T19:20:00Z,2461279.305555556,-26163.395570937,33067.829388116,-14.438134590,-2.411152291,-1.907812055,-0.001662107,-25965.795903403,33223.177649154,52.217794763,25965.795903403,-33223.177649154,-52.217794763,315996.621409491,-276518.855342447,-113971.910647310,-134902127.430254996,62498255.012780637,27106974.872808896
2026-08-26T19:25:00Z,2461279.309027778,-26880.407780316,32487.632915533,-14.951825009,-2.368847591,-1.960095359,-0.001637206,-26686.252169883,32647.264976318,53.601670085,26686.252169883,-32647.264976318,-53.601670085,316911.102083870,-275745.736478853,-113858.205512652,-134905288.721313775,62491545.222959414,27103815.655508548
2026-08-26T19:30:00Z,2461279.312500000,-27584.558320451,31891.891855476,-15.457472531,-2.325409381,-2.011440888,-0.001611460,-27393.939666284,32055.731338730,54.960789093,27393.939666284,-32055.731338730,-54.960789093,317812.645885747,-274956.854524171,-113744.409043232,-134908462.316632718,62484850.839644842,27100656.370058991
2026-08-26T19:35:00Z,2461279.315972222,-28275.510249606,31280.891231330,-15.954816034,-2.280858440,-2.061824071,-0.001584885,-28088.519758685,31448.859746434,56.294520616,28088.519758685,-31448.859746434,-56.294520616,318700.914048953,-274152.492592471,-113630.520670110,-134911648.554834783,62478171.579849169,27097497.017101113
2026-08-26T19:40:00Z,2461279.319444444,-28952.932940222,30654.923368844,-16.443598818,-2.235216082,-2.111220797,-0.001557493,-28769.660083697,30826.940549340,57.602245178,28769.660083697,-30826.940549340,-57.602245178,319575.574085031,-273332.941133514,-113516.539834205,-134914847.768267334,62471507.153249957,27094337.597265795
2026-08-26T19:45:00Z,2461279.322916667,-29616.502237171,30014.287756307,-16.923568737,-2.188504143,-2.159607428,-0.001529299,-29437.034707535,30190.271298346,58.883355288,29437.034707535,-30190.271298346,-58.883355288,320436.299925030,-272498.497809023,-113402.465993228,-134918060.282857776,62464857.262309439,27091178.111166187
2026-08-26T19:50:00Z,2461279.326388889,-30265.900612893,29359.290901287,-17.394478330,-2.140744970,-2.206960808,-0.001500319,-30090.324282032,29539.156602998,60.137255713,30090.324282032,-29539.156602998,-60.137255713,321282.772096673,-271649.467325431,-113288.298611087,-134921286.417932749,62458221.602455251,27088018.559413344
2026-08-26T19:55:00Z,2461279.329861111,-30900.817319388,28690.246184016,-17.856084950,-2.091961412,-2.253258275,-0.001470567,-30729.216197471,28873.907985793,61.363363761,30729.216197471,-28873.907985793,-61.363363761,322114.677854732,-270786.161320447,-113174.037172157,-134924526.486097306,62451599.862174310,27084858.942593832
2026-08-26T20:00:00Z,2461279.333333333,-31520.948536940,28007.473707486,-18.308150892,-2.042176808,-2.298477673,-0.001440060,-31353.404732230,28194.843733154,62.561109543,31353.404732230,-28194.843733154,-62.561109543,322931.711357792,-269908.898165843,-113059.681160698,-134927780.793052047,62444991.723218128,27081699.261293899
2026-08-26T20:05:00Z,2461279.336805556,-32125.997519551,27311.300144320,-18.750443513,-1.991414976,-2.342597362,-0.001408814,-31962.591199096,27502.288743179,63.729936239,31962.591199096,-27502.288743179,-63.729936239,323733.573781684,-269018.002878742,-112945.230088661,-134931049.637475997,62438396.860704392,27078539.516076881
2026-08-26T20:10:00Z,2461279.340277778,-32715.674736976,26602.058580497,-19.182735354,-1.939700201,-2.385596228,-0.001376846,-32556.484088255,26796.574370210,64.869300357,32556.484088255,-26796.574370210,-64.869300357,324519.973486956,-268113.806921365,-112830.683476480,-134934333.310869098,62431814.943295456,27075379.707493283
2026-08-26T20:15:00Z,2461279.343750000,-33289.698013314,25880.088356013,-19.604804260,-1.887057227,-2.427453691,-0.001344172,-33134.799206811,26078.038266330,65.978671980,33134.799206811,-26078.038266330,-65.978671980,325290.626159428,-267196.648032174,-112716.040848813,-134937632.097404420,62425245.633376636,27072219.836089168
2026-08-26T20:20:00Z,2461279.347222222,-33847.792662076,25145.734902544,-20.016433492,-1.833511239,-2.468149719,-0.001310809,-33697.259814831,25347.024219823,67.057535014,33697.259814831,-25347.024219823,-67.057535014,326045.254924086,-266266.870118403,-112601.301758354,-134940946.273814231,62418688.587172650,27069059.902385883
2026-08-26T20:25:00Z,2461279.350694444,-34389.691617684,24399.349578185,-20.417411844,-1.779087857,-2.507664837,-0.001276777,-34243.596757823,24603.881990703,68.105387424,34243.596757823,-24603.881990703,-68.105387424,326783.590497066,-265324.823044184,-112486.465765358,-134944276.109237880,62412143.454950720,27065899.906897191
2026-08-26T20:30:00Z,2461279.354166667,-34915.135563304,23641.289499363,-20.807533746,-1.723813118,-2.545980133,-0.001242091,-34773.548595556,23848.967143409,69.121741468,34773.548595556,-23848.967143409,-69.121741468,327505.371315709,-264370.862468697,-112371.532440333,-134947621.865102947,62405609.881169640,27062739.850120623
2026-08-26T20:35:00Z,2461279.357638889,-35423.873054988,22871.917369981,-21.186599376,-1.667713470,-2.583077268,-0.001206772,-35286.861727245,23082.640876659,70.106123921,35286.861727245,-23082.640876659,-70.106123921,328210.343644015,-263405.349705707,-112256.501377136,-134950983.794997185,62399087.504653960,27059579.732539326
2026-08-26T20:40:00Z,2461279.361111111,-35915.660642047,22091.601307892,-21.554414761,-1.610815752,-2.618938488,-0.001170837,-35783.290512927,22305.269850679,71.058076297,35783.290512927,-22305.269850679,-71.058076297,328898.261715124,-262428.651516683,-112141.372178326,-134954362.144548804,62392575.958767086,27056419.554621775
2026-08-26T20:45:00Z,2461279.364583333,-36390.262983594,21300.714668780,-21.910791877,-1.553147190,-2.653546629,-0.001134306,-36262.597391072,21517.226011754,71.977155054,36262.597391072,-21517.226011754,-71.977155054,329568.887840148,-261441.139953225,-112026.144463273,-134957757.151302785,62386074.871589437,27053259.316822931
2026-08-26T20:50:00Z,2461279.368055556,-36847.452961218,20499.635867526,-22.255548748,-1.494735374,-2.686885128,-0.001097198,-36724.552992306,20718.886414291,72.862931806,36724.552992306,-20718.886414291,-72.862931806,330221.992520805,-260443.192174503,-111910.817866143,-134961169.044622391,62379583.866079926,27050099.019576721
2026-08-26T20:55:00Z,2461279.371527778,-37287.011787708,19688.748197161,-22.588509537,-1.435608253,-2.718938028,-0.001059533,-37168.936249223,19910.633040404,73.714993520,37168.936249223,-19910.633040404,-73.714993520,330857.354564306,-259435.190260921,-111795.392033797,-134964598.045552641,62373102.560297176,27046938.663313635
2026-08-26T21:00:00Z,2461279.375000000,-37708.729111811,18868.439645471,-22.909504642,-1.375794118,-2.749689988,-0.001021330,-37595.534502223,19092.852617164,74.532942705,37595.534502223,-19092.852617164,-74.532942705,331474.761172400,-258417.521065748,-111679.866640608,-134968044.366752744,62366630.567513235,27043778.248430543
2026-08-26T21:05:00Z,2461279.378472222,-38112.403118936,18039.102709362,-23.218370776,-1.315321588,-2.779126288,-0.000982610,-38004.143601331,18265.936431555,75.316397595,38004.143601331,-18265.936431555,-75.316397595,332074.008083111,-257390.575950379,-111564.241354347,-134971508.212345541,62360167.496491954,27040617.775331121
2026-08-26T21:10:00Z,2461279.381944444,-38497.840627785,17201.134207057,-23.514951057,-1.254219597,-2.807232839,-0.000943393,-38394.568003937,17430.280143257,76.064992332,38394.568003937,-17430.280143257,-76.064992332,332654.899611591,-256354.750707604,-111448.515884043,-134974989.777871102,62353712.951576859,27037457.244382296
2026-08-26T21:15:00Z,2461279.385416667,-38864.857182848,16354.935088230,-23.799095088,-1.192517383,-2.833996189,-0.000903700,-38766.620868427,16586.283595331,76.778377128,38766.620868427,-16586.283595331,-76.778377128,333217.248794527,-255310.445271804,-111332.689936744,-134978489.250155449,62347266.532955058,27034296.655946810
2026-08-26T21:20:00Z,2461279.388888889,-39213.277142726,15500.910242153,-24.070659030,-1.130244467,-2.859403526,-0.000863552,-39120.124143645,15734.350622895,77.456218432,39120.124143645,-15734.350622895,-77.456218432,333760.877449318,-254258.063591082,-111216.763245144,-134982006.807236046,62340827.836814821,27031136.010368153
2026-08-26T21:25:00Z,2461279.392361111,-39542.933764229,14639.468303964,-24.329505682,-1.067430649,-2.883442690,-0.000822970,-39454.908654141,14874.888859905,78.098199086,39454.908654141,-14874.888859905,-78.098199086,334285.616275033,-253198.013401653,-111100.735553617,-134985542.618275702,62334396.455545664,27027975.307973344
2026-08-26T21:30:00Z,2461279.395833333,-39853.669282230,13771.021459128,-24.575504546,-1.004105982,-2.906102172,-0.000781976,-39770.814181195,14008.309544085,78.704018465,39770.814181195,-14008.309544085,-78.704018465,334791.304926006,-252130.706044071,-110984.606623421,-134989096.843480498,62327971.977932960,27024814.549072888
2026-08-26T21:35:00Z,2461279.399305556,-40145.334985206,12895.985246210,-24.808531897,-0.940300768,-2.927371127,-0.000740590,-40067.689539526,13135.027320165,79.273392626,40067.689539526,-13135.027320165,-79.273392626,335277.792090294,-251056.556268153,-110868.376233359,-134992669.634022176,62321553.989356123,27021653.733961023
2026-08-26T21:40:00Z,2461279.402777778,-40417.791286459,12014.778358033,-25.028470844,-0.876045537,-2.947239373,-0.000698835,-40345.392649705,12255.460041451,79.806054434,40345.392649705,-12255.460041451,-79.806054434,335744.935553484,-249975.982044345,-110752.044184393,-134996261.131968170,62315142.071984880,27018492.862914518
2026-08-26T21:45:00Z,2461279.406250000,-40670.907790965,11127.822441321,-25.235211394,-0.811371035,-2.965697399,-0.000656733,-40603.790606184,11370.028569890,80.301753686,40603.790606184,-11370.028569890,-80.301753686,336192.602291823,-248889.404326336,-110635.610283328,-134999871.470210075,62308735.804980703,27015331.936193705
2026-08-26T21:50:00Z,2461279.409722222,-40904.563357824,10235.541894937,-25.428650499,-0.746308210,-2.982736369,-0.000614306,-40842.759740963,10479.156574666,80.760257232,40842.759740963,-10479.156574666,-80.760257232,336620.668504319,-247797.246897486,-110519.074363811,-135003500.772400230,62302334.764705077,27012170.954044666
2026-08-26T21:55:00Z,2461279.413194444,-41118.646158286,9338.363666786,-25.608692120,-0.680888194,-2.998348125,-0.000571577,-41062.185682809,9583.270329468,81.181349081,41062.185682809,-9583.270329468,-81.181349081,337029.019691833,-246699.936140433,-110402.436274331,-135007149.152905971,62295938.524889767,27009009.916685641
2026-08-26T22:00:00Z,2461279.416666667,-41313.053729311,8436.717049517,-25.775247265,-0.615142291,-3.012525193,-0.000528567,-41261.963412047,8682.798508497,81.564830501,41261.963412047,-8682.798508497,-81.564830501,337417.550707464,-245597.900833062,-110285.695878431,-135010816.716724336,62289546.656902023,27005848.824333072
2026-08-26T22:05:00Z,2461279.420138889,-41487.693022654,7531.033475076,-25.928234039,-0.549101962,-3.025260786,-0.000485300,-41441.997310862,7778.171981332,81.910520114,41441.997310862,-7778.171981332,-81.910520114,337786.165807231,-244491.571951207,-110168.853058021,-135014503.559468150,62283158.729881510,27002687.677172150
2026-08-26T22:10:00Z,2461279.423611111,-41642.480449444,6621.746308257,-26.067577687,-0.482798808,-3.036548807,-0.000441798,-41602.201209104,6869.823606744,82.218253980,41602.201209104,-6869.823606744,-82.218253980,338134.778695205,-243381.382456507,-110051.907711117,-135018209.767286539,62276774.311007030,26999526.475382917
2026-08-26T22:15:00Z,2461279.427083333,-41777.341920232,5709.290639302,-26.193210626,-0.416264555,-3.046383849,-0.000398084,-41742.498425577,5958.188025538,82.487885674,41742.498425577,-5958.188025538,-82.487885674,338463.312561238,-242267.767100478,-109934.859756544,-135021935.416855067,62270392.965650208,26996365.219116975
2026-08-26T22:20:00Z,2461279.430555556,-41892.212880492,4794.103075693,-26.305072481,-0.349531042,-3.054761203,-0.000354181,-41862.821804780,5043.701452563,82.719286357,41862.821804780,-5043.701452563,-82.719286357,338771.700122917,-241151.162204695,-109817.709129060,-135025680.575312197,62264014.257624120,26993203.908514928
2026-08-26T22:25:00Z,2461279.434027778,-41987.038341565,3876.621533208,-26.403110116,-0.282630202,-3.061676857,-0.000310112,-41963.113749092,4126.801467944,82.912344833,41963.113749092,-4126.801467944,-82.912344833,339059.883650827,-240032.005463663,-109700.455784381,-135029445.300244361,62257637.749371052,26990042.543697678
2026-08-26T22:30:00Z,2461279.437500000,-42061.772907010,2957.285026344,-26.487277659,-0.215594049,-3.067127498,-0.000265900,-42043.326246375,3207.926807693,83.066967605,42043.326246375,-3207.926807693,-83.066967605,339327.815014375,-238910.735705536,-109583.099686242,-135033229.639650255,62251263.002178952,26986881.124768764
2026-08-26T22:35:00Z,2461279.440972222,-42116.380794382,2036.533458224,-26.557536523,-0.148454662,-3.071110515,-0.000221569,-42103.420893004,2287.517153714,83.183078920,42103.420893004,-2287.517153714,-83.183078920,339575.455678823,-237787.792727181,-109465.640826032,-135037033.631920934,62244889.576389156,26983719.651813824
2026-08-26T22:40:00Z,2461279.444444444,-42150.835852395,1114.807410059,-26.613855425,-0.081244168,-3.073623999,-0.000177141,-42143.368912279,1366.012923406,83.260620803,42143.368912279,-1366.012923406,-83.260620803,339802.776742073,-236663.617049466,-109348.079208024,-135040857.305817693,62238517.031611480,26980558.124902509
2026-08-26T22:45:00Z,2461279.447916667,-42165.121573475,192.547930306,-26.656210401,-0.013994729,-3.074666744,-0.000132641,-42163.151168243,443.855058866,83.299553089,42163.151168243,-443.855058866,-83.299553089,340009.758936624,-235538.649732657,-109230.414860575,-135044700.680468023,62232144.926919878,26977396.544081662
2026-08-26T22:50:00Z,2461279.451388889,-42159.231101706,-729.803676419,-26.684584814,0.053261473,-3.074238248,-0.000088091,-42162.758174878,-478.515184106,83.299853438,42162.758174878,478.515184106,-83.299853438,340196.392654879,-234413.332129087,-109112.647820522,-135048563.765342802,62225772.821085781,26974234.909385160
2026-08-26T22:55:00Z,2461279.454861111,-42133.167236147,-1651.806060539,-26.698969366,0.120492254,-3.072338713,-0.000043514,-42142.190100685,-1400.656447225,83.261517355,42142.190100685,1400.656447225,-83.261517355,340362.677935407,-233288.105711704,-108994.778150447,-135052446.560260147,62219400.272774480,26971073.220827546
2026-08-26T23:00:00Z,2461279.458333333,-42086.942429527,-2573.018038752,-26.699362094,0.187665441,-3.068969045,0.000001065,-42101.456768639,-2322.127480935,83.184558186,42101.456768639,2322.127480935,-83.184558186,340508.624479272,-232163.411827589,-108876.805923311,-135056349.055384785,62213026.840759516,26967911.478405356
2026-08-26T23:05:00Z,2461279.461805556,-42020.578782327,-3492.998805166,-26.685768372,0.254748890,-3.064130855,0.000045624,-42040.577651525,-3242.487355578,83.069007118,42040.577651525,3242.487355578,-83.069007118,340634.251626504,-231039.691527938,-108758.731240362,-135060271.231231391,62206652.084134549,26964749.682097252
2026-08-26T23:10:00Z,2461279.465277778,-41934.108032236,-4411.308142280,-26.658200909,0.321710499,-3.057826454,0.000090139,-41959.581862655,-4161.295672437,82.914913169,41959.581862655,4161.295672437,-82.914913169,340739.588370397,-229917.385305113,-108640.554208528,-135064213.058673561,62200275.562524669,26961587.831864309
2026-08-26T23:15:00Z,2461279.468750000,-41827.571538993,-5327.506631666,-26.616679734,0.388518223,-3.050058857,0.000134588,-41858.508141966,-5078.112774505,82.722343159,41858.508141966,5078.112774505,-82.722343159,340824.673317885,-228796.932938300,-108522.274965040,-135068174.498958111,62193896.836296193,26958425.927649584
2026-08-26T23:20:00Z,2461279.472222222,-41701.020264628,-6241.155864286,-26.561232189,0.455140093,-3.040831779,0.000178945,-41737.404837514,-5992.499956925,82.491381690,41737.404837514,5992.499956925,-82.491381690,340889.554701421,-227678.773219581,-108403.893649625,-135072155.503722370,62187515.466771185,26955263.969379958
2026-08-26T23:25:00Z,2461279.475694444,-41554.514749101,-7151.818650307,-26.491892908,0.521544227,-3.030149633,0.000223190,-41596.329882364,-6904.019676919,82.222131106,41596.329882364,6904.019676919,-82.222131106,340934.290313713,-226563.343827649,-108285.410440937,-135076156.015025914,62181131.016419709,26952101.956958458
2026-08-26T23:30:00Z,2461279.479166667,-41388.125081360,-8059.059228354,-26.408703800,0.587698848,-3.018017529,0.000267298,-41435.350766895,-7812.235763245,81.914711446,41435.350766895,7812.235763245,-81.914711446,340958.947531580,-225451.081017473,-108166.825512706,-135080175.965356708,62174743.049111485,26948939.890282601
2026-08-26T23:35:00Z,2461279.482638889,-41201.930865822,-8962.443474069,-26.311714021,0.653572297,-3.004441270,0.000311246,-41254.544506527,-8716.713624922,81.569260394,41254.544506527,8716.713624922,-81.569260394,340963.603231345,-224342.419513086,-108048.139077681,-135084215.277698338,62168351.130254485,26945777.769214034
2026-08-26T23:40:00Z,2461279.486111111,-40996.021184305,-9861.539107887,-26.200979950,0.719133051,-2.989427351,0.000355011,-41053.997604890,-9617.020459248,81.185933215,41053.997604890,9617.020459248,-81.185933215,340948.343807364,-223237.792194133,-107929.351341864,-135088273.865520775,62161954.827097617,26942615.593619604
2026-08-26T23:45:00Z,2461279.489583333,-40770.494553414,-10755.915901941,-26.076565156,0.784349737,-2.972982955,0.000398571,-40833.806012445,-10512.725458952,80.764902686,40833.806012445,10512.725458952,-80.764902686,340913.265069607,-222137.630004290,-107810.462554591,-135092351.632870495,62155553.708835758,26939453.363327313
2026-08-26T23:50:00Z,2461279.493055556,-40525.458877420,-11645.145885968,-25.938540359,0.849191144,-2.955115950,0.000441903,-40594.075080592,-11403.400018361,80.306359023,40594.075080592,11403.400018361,-80.306359023,340858.472250916,-221042.361643794,-107691.472964444,-135096448.474380881,62149147.346893936,26936291.078160044
2026-08-26T23:55:00Z,2461279.496527778,-40261.031396639,-12528.803552154,-25.786983396,0.913626242,-2.935834883,0.000484984,-40334.919511267,-12288.617938577,79.810509789,40334.919511267,12288.617938577,-79.810509789,340784.079926203,-219952.413424323,-107572.382845304,-135100564.275335670,62142735.315096453,26933128.737919956
2026-08-27T00:00:00Z,2461279.500000000,-39977.338631339,-13406.466058786,-25.621979171,0.977624198,-2.915148980,0.000527791,-40056.463302068,-13167.955631433,79.277579805,40056.463302068,13167.955631433,-79.277579805,340690.211965992,-218868.209042445,-107453.192486428,-135104698.911725670,62136317.189878620,26929966.342392392
