utc,julian_date_ut,earth_distance_km,moon_distance_km,sun_distance_km,earth_moon_separation_deg,earth_sun_separation_deg,moon_sun_separation_deg,earth_apparent_radius_deg,earth_exclusion_radius_deg,moon_apparent_radius_deg,moon_exclusion_radius_deg,sun_apparent_radius_deg,sun_exclusion_radius_deg,earth_moon_cap_overlap_sr,earth_sun_cap_overlap_sr,moon_sun_cap_overlap_sr,earth_moon_sun_triple_overlap_sr,total_excluded_sky_sr,visible_sky_fraction,visible_sky_percent
2026-08-26T00:00:00Z,2461278.500000000,42162.330782,415505.911726,151160074.044370,62.804831196,136.452782544,160.042123414,8.691063761,28.691063761,0.239577764,20.000000000,0.263699358,45.000000000,0.000000000000,0.000000000000,0.000000000000,0.000000000000,2.990667690405,0.762010226963,76.201022696
2026-08-26T00:05:00Z,2461278.503472222,42162.331143,414757.358587,151160578.297984,63.875144895,135.245852206,160.120110174,8.691063686,28.691063686,0.240010156,20.000000000,0.263698479,45.000000000,0.000000000000,0.000000000000,0.000000000000,0.000000000000,2.990667686456,0.762010227278,76.201022728
2026-08-26T00:10:00Z,2461278.506944444,42162.332355,414000.961806,151161096.811778,64.948779787,134.037070596,160.195784799,8.691063434,28.691063434,0.240448667,20.000000000,0.263697574,45.000000000,0.000000000000,0.000000000000,0.000000000000,0.000000000000,2.990667673202,0.762010228332,76.201022833
2026-08-26T00:15:00Z,2461278.510416667,42162.334416,413237.011121,151161629.284468,66.025673916,132.826586787,160.269123571,8.691063006,28.691063006,0.240893187,20.000000000,0.263696645,45.000000000,0.000000000000,0.000000000000,0.000000000000,0.000000000000,2.990667650663,0.762010230126,76.201023013
2026-08-26T00:20:00Z,2461278.513888889,42162.337323,412465.800788,151162175.408120,67.105769255,131.614535416,160.340103709,8.691062402,28.691062402,0.241343601,20.000000000,0.263695693,45.000000000,0.000000000000,0.000000000000,0.000000000000,0.000000000000,2.990667618866,0.762010232656,76.201023266
2026-08-26T00:25:00Z,2461278.517361111,42162.341075,411687.629529,151162734.868305,68.189011299,130.401038416,160.408703387,8.691061623,28.691061623,0.241799791,20.000000000,0.263694717,45.000000000,0.000000000000,0.000000000000,0.000000000000,0.000000000000,2.990667577841,0.762010235921,76.201023592
2026-08-26T00:30:00Z,2461278.520833333,42162.345667,410902.800476,151163307.344241,69.275348694,129.186206498,160.474901762,8.691060669,28.691060669,0.242261634,20.000000000,0.263693718,45.000000000,0.000000000000,0.000000000000,0.000000000000,0.000000000000,2.990667527621,0.762010239917,76.201023992
2026-08-26T00:35:00Z,2461278.524305556,42162.351096,410111.621107,151163892.508954,70.364732882,127.970140450,160.538678996,8.691059541,28.691059541,0.242729003,20.000000000,0.263692697,45.000000000,0.000000000000,0.000000000000,0.000000000000,0.000000000000,2.990667468244,0.762010244642,76.201024464
2026-08-26T00:40:00Z,2461278.527777778,42162.357359,409314.403186,151164490.029425,71.457117773,126.752932251,160.600016278,8.691058240,28.691058240,0.243201767,20.000000000,0.263691655,45.000000000,0.000000000000,0.000000000000,0.000000000000,0.000000000000,2.990667399754,0.762010250093,76.201025009
2026-08-26T00:45:00Z,2461278.531250000,42162.364450,408511.462696,151165099.566755,72.552459431,125.534666051,160.658895845,8.691056767,28.691056767,0.243679790,20.000000000,0.263690592,45.000000000,0.000000000000,0.000000000000,0.000000000000,0.000000000000,2.990667322197,0.762010256264,76.201025626
2026-08-26T00:50:00Z,2461278.534722222,42162.372366,407703.119771,151165720.776324,73.650715785,124.315419020,160.715301006,8.691055123,28.691055123,0.244162931,20.000000000,0.263689508,45.000000000,0.000000000000,0.000000000000,0.000000000000,0.000000000000,2.990667235624,0.762010263154,76.201026315
2026-08-26T00:55:00Z,2461278.538194444,42162.381102,406889.698620,151166353.307953,74.751846341,123.095262099,160.769216153,8.691053308,28.691053308,0.244651045,20.000000000,0.263688405,45.000000000,0.000000000000,0.000000000000,0.000000000000,0.000000000000,2.990667140090,0.762010270756,76.201027076
2026-08-26T01:00:00Z,2461278.541666667,42162.390651,406071.527454,151166996.806076,75.855811921,121.874260651,160.820626790,8.691051325,28.691051325,0.245143982,20.000000000,0.263687282,45.000000000,0.000000000000,0.000000000000,0.000000000000,0.000000000000,2.990667035653,0.762010279067,76.201027907
2026-08-26T01:05:00Z,2461278.545138889,42162.401009,405248.938406,151167650.909903,76.962574406,120.652475046,160.869519541,8.691049173,28.691049173,0.245641587,20.000000000,0.263686141,45.000000000,0.000000000000,0.000000000000,0.000000000000,0.000000000000,2.990666922377,0.762010288081,76.201028808
2026-08-26T01:10:00Z,2461278.548611111,42162.412169,404422.267446,151168315.253596,78.072096485,119.429961166,160.915882172,8.691046855,28.691046855,0.246143701,20.000000000,0.263684982,45.000000000,0.000000000000,0.000000000000,0.000000000000,0.000000000000,2.990666800329,0.762010297793,76.201029779
2026-08-26T01:15:00Z,2461278.552083333,42162.424124,403591.854297,151168989.466441,79.184341423,118.206770865,160.959703601,8.691044371,28.691044371,0.246650158,20.000000000,0.263683806,45.000000000,0.000000000000,0.000000000000,0.000000000000,0.000000000000,2.990666669579,0.762010308198,76.201030820
2026-08-26T01:20:00Z,2461278.555555556,42162.436869,402758.042343,151169673.173027,80.299272824,116.982952363,161.000973916,8.691041724,28.691041724,0.247160790,20.000000000,0.263682614,45.000000000,0.000000000000,0.000000000000,0.000000000000,0.000000000000,2.990666530202,0.762010319289,76.201031929
2026-08-26T01:25:00Z,2461278.559027778,42162.450395,401921.178532,151170365.993419,81.416854407,115.758550612,161.039684383,8.691038914,28.691038914,0.247675422,20.000000000,0.263681405,45.000000000,0.000000000000,0.000000000000,0.000000000000,0.000000000000,2.990666382277,0.762010331061,76.201033106
2026-08-26T01:30:00Z,2461278.562500000,42162.464695,401081.613281,151171067.543346,82.537049783,114.533607612,161.075827461,8.691035944,28.691035944,0.248193872,20.000000000,0.263680181,45.000000000,0.000000000000,0.000000000000,0.000000000000,0.000000000000,2.990666225886,0.762010343506,76.201034351
2026-08-26T01:35:00Z,2461278.565972222,42162.479761,400239.700370,151171777.434378,83.659822236,113.308162701,161.109396809,8.691032814,28.691032814,0.248715957,20.000000000,0.263678943,45.000000000,0.000000000000,0.000000000000,0.000000000000,0.000000000000,2.990666061115,0.762010356618,76.201035662
2026-08-26T01:40:00Z,2461278.569444444,42162.495586,399395.796837,151172495.274115,84.785134506,112.082252809,161.140387295,8.691029527,28.691029527,0.249241484,20.000000000,0.263677691,45.000000000,0.000000000000,0.000000000000,0.000000000000,0.000000000000,2.990665888053,0.762010370390,76.201037039
2026-08-26T01:45:00Z,2461278.572916667,42162.512160,398550.262865,151173220.666369,85.912948568,110.855912696,161.168795004,8.691026084,28.691026084,0.249770260,20.000000000,0.263676426,45.000000000,0.000000000000,0.000000000000,0.000000000000,0.000000000000,2.990665706793,0.762010384814,76.201038481
2026-08-26T01:50:00Z,2461278.576388889,42162.529475,397703.461666,151173953.211358,87.043225419,109.629175155,161.194617243,8.691022487,28.691022487,0.250302081,20.000000000,0.263675148,45.000000000,0.000000000000,0.000000000000,0.000000000000,0.000000000000,2.990665517432,0.762010399883,76.201039988
2026-08-26T01:55:00Z,2461278.579861111,42162.547522,396855.759357,151174692.505891,88.175924859,108.402071208,161.217852549,8.691018738,28.691018738,0.250836741,20.000000000,0.263673859,45.000000000,0.000000000000,0.000000000000,0.000000000000,0.000000000000,2.990665320069,0.762010415589,76.201041559
2026-08-26T02:00:00Z,2461278.583333333,42162.566291,396007.524843,151175438.143564,89.311005262,107.174630276,161.238500688,8.691014839,28.691014839,0.251374028,20.000000000,0.263672558,45.000000000,0.000000000000,0.000000000000,0.000000000000,0.000000000000,2.990665114808,0.762010431923,76.201043192
2026-08-26T02:05:00Z,2461278.586805556,42162.585772,395159.129675,151176189.714950,90.448423361,105.946880339,161.256562662,8.691010793,28.691010793,0.251913724,20.000000000,0.263671247,45.000000000,0.000000000000,0.000000000000,0.000000000000,0.000000000000,2.990664901755,0.762010448877,76.201044888
2026-08-26T02:10:00Z,2461278.590277778,42162.605956,394310.947926,151176946.807796,91.588134005,104.718848076,161.272040710,8.691006600,28.691006600,0.252455606,20.000000000,0.263669927,45.000000000,0.000000000000,0.000000000000,0.000000000000,0.000000000000,2.990664681019,0.762010466443,76.201046644
2026-08-26T02:15:00Z,2461278.593750000,42162.626832,393463.356041,151177709.007219,92.730089932,103.490559001,161.284938305,8.691002263,28.691002263,0.252999445,20.000000000,0.263668597,45.000000000,0.000000000000,0.000000000000,0.000000000000,0.000000000000,2.990664452713,0.762010484611,76.201048461
2026-08-26T02:20:00Z,2461278.597222222,42162.648390,392616.732698,151178475.895900,93.874241517,102.262037589,161.295260162,8.690997785,28.690997785,0.253545007,20.000000000,0.263667260,45.000000000,0.000000000000,0.000000000000,0.000000000000,0.000000000000,2.990664216952,0.762010503372,76.201050337
2026-08-26T02:25:00Z,2461278.600694444,42162.670619,391771.458653,151179247.054289,95.020536522,101.033307378,161.303012230,8.690993168,28.690993168,0.254092051,20.000000000,0.263665915,45.000000000,0.000000000000,0.000000000000,0.000000000000,0.000000000000,2.990663973854,0.762010522717,76.201052272
2026-08-26T02:30:00Z,2461278.604166667,42162.693507,390927.916588,151180022.060797,96.168919827,99.804391087,161.308201693,8.690988413,28.690988413,0.254640333,20.000000000,0.263664563,45.000000000,0.000000000000,0.000000000000,0.000000000000,0.000000000000,2.990663723541,0.762010542636,76.201054264
2026-08-26T02:35:00Z,2461278.607638889,42162.717044,390086.490948,151180800.492003,97.319333159,98.575310707,161.310836968,8.690983524,28.690983524,0.255189602,20.000000000,0.263663206,45.000000000,0.000000000000,0.000000000000,0.000000000000,0.000000000000,2.990663466136,0.762010563120,76.201056312
2026-08-26T02:40:00Z,2461278.611111111,42162.741218,389247.567772,151181581.922851,98.471714797,97.346087594,161.310927705,8.690978503,28.690978503,0.255739601,20.000000000,0.263661843,45.000000000,0.000000000000,0.000000000000,0.000000000000,0.000000000000,2.990663201765,0.762010584158,76.201058416
2026-08-26T02:45:00Z,2461278.614583333,42162.766017,388411.534524,151182365.926856,99.625999267,96.116742561,161.308484780,8.690973351,28.690973351,0.256290070,20.000000000,0.263660476,45.000000000,0.000000000000,0.000000000000,0.000000000000,0.000000000000,2.990662930558,0.762010605740,76.201060574
2026-08-26T02:50:00Z,2461278.618055556,42162.791430,387578.779917,151183152.076302,100.782117020,94.887295955,161.303520294,8.690968072,28.690968072,0.256840740,20.000000000,0.263659104,45.000000000,0.000000000000,0.000000000000,0.000000000000,0.000000000000,2.990662652645,0.762010627856,76.201062786
2026-08-26T02:55:00Z,2461278.621527778,42162.817443,386749.693724,151183939.942451,101.939994089,93.657767742,161.296047567,8.690962669,28.690962669,0.257391341,20.000000000,0.263657730,45.000000000,0.000000000000,0.000000000000,0.000000000000,0.000000000000,2.990662368160,0.762010650494,76.201065049
2026-08-26T03:00:00Z,2461278.625000000,42162.844045,385924.666595,151184729.095742,103.099551722,92.428177580,161.286081140,8.690957143,28.690957143,0.257941594,20.000000000,0.263656354,45.000000000,0.000000000000,0.000000000000,0.000000000000,0.000000000000,2.990662077238,0.762010673645,76.201067365
2026-08-26T03:05:00Z,2461278.628472222,42162.871223,385104.089862,151185519.106001,104.260705991,91.198544894,161.273636765,8.690951497,28.690951497,0.258491217,20.000000000,0.263654976,45.000000000,0.000000000000,0.000000000000,0.000000000000,0.000000000000,2.990661780018,0.762010697297,76.201069730
2026-08-26T03:10:00Z,2461278.631944444,42162.898964,384288.355336,151186309.542637,105.423367375,89.968888950,161.258731403,8.690945735,28.690945735,0.259039924,20.000000000,0.263653598,45.000000000,0.000000000000,0.000000000000,0.000000000000,0.000000000000,2.990661476640,0.762010721439,76.201072144
2026-08-26T03:15:00Z,2461278.635416667,42162.927255,383477.855106,151187099.974858,106.587440314,88.739228923,161.241383222,8.690939858,28.690939858,0.259587422,20.000000000,0.263652220,45.000000000,0.000000000000,0.000000000000,0.000000000000,0.000000000000,2.990661167245,0.762010746060,76.201074606
2026-08-26T03:20:00Z,2461278.638888889,42162.956084,382672.981328,151187889.971866,107.752822718,87.509583971,161.221611594,8.690933870,28.690933870,0.260133415,20.000000000,0.263650842,45.000000000,0.000000000000,0.000000000000,0.000000000000,0.000000000000,2.990660851978,0.762010771148,76.201077115
2026-08-26T03:25:00Z,2461278.642361111,42162.985436,381874.126004,151188679.103069,108.919405449,86.279973303,161.199437086,8.690927773,28.690927773,0.260677600,20.000000000,0.263649466,45.000000000,0.000000000000,0.000000000000,0.000000000000,0.000000000000,2.990660530985,0.762010796692,76.201079669
2026-08-26T03:30:00Z,2461278.645833333,42163.015298,381081.680769,151189466.938281,110.087071752,85.050416253,161.174881465,8.690921570,28.690921570,0.261219673,20.000000000,0.263648092,45.000000000,0.000000000000,0.000000000000,0.000000000000,0.000000000000,2.990660204413,0.762010822680,76.201082268
2026-08-26T03:35:00Z,2461278.649305556,42163.045656,380296.036656,151190253.047931,111.255696642,83.820932346,161.147967690,8.690915264,28.690915264,0.261759324,20.000000000,0.263646721,45.000000000,0.000000000000,0.000000000000,0.000000000000,0.000000000000,2.990659872412,0.762010849100,76.201084910
2026-08-26T03:40:00Z,2461278.652777778,42163.076498,379517.583869,151191037.003264,112.425146233,82.591541379,161.118719910,8.690908857,28.690908857,0.262296239,20.000000000,0.263645354,45.000000000,0.000000000000,0.000000000000,0.000000000000,0.000000000000,2.990659535133,0.762010875939,76.201087594
2026-08-26T03:45:00Z,2461278.656250000,42163.107808,378746.711547,151191818.376546,113.595277004,81.362263491,161.087163465,8.690902353,28.690902353,0.262830101,20.000000000,0.263643991,45.000000000,0.000000000000,0.000000000000,0.000000000000,0.000000000000,2.990659192730,0.762010903187,76.201090319
2026-08-26T03:50:00Z,2461278.659722222,42163.139572,377983.807516,151192596.741270,114.765935004,80.133119244,161.053324880,8.690895755,28.690895755,0.263360588,20.000000000,0.263642634,45.000000000,0.000000000000,0.000000000000,0.000000000000,0.000000000000,2.990658845356,0.762010930830,76.201093083
2026-08-26T03:55:00Z,2461278.663194444,42163.171777,377229.258048,151193371.672354,115.936954969,78.904129705,161.017231868,8.690889066,28.690889066,0.263887377,20.000000000,0.263641283,45.000000000,0.000000000000,0.000000000000,0.000000000000,0.000000000000,2.990658493168,0.762010958856,76.201095886
2026-08-26T04:00:00Z,2461278.666666667,42163.204407,376483.447607,151194142.746350,117.108159365,77.675316528,160.978913327,8.690882288,28.690882288,0.264410139,20.000000000,0.263639938,45.000000000,0.000000000000,0.000000000000,0.000000000000,0.000000000000,2.990658136324,0.762010987253,76.201098725
2026-08-26T04:05:00Z,2461278.670138889,42163.237449,375746.758592,151194909.541639,118.279357323,76.446702053,160.938399342,8.690875424,28.690875424,0.264928545,20.000000000,0.263638601,45.000000000,0.000000000000,0.000000000000,0.000000000000,0.000000000000,2.990657774984,0.762011016008,76.201101601
2026-08-26T04:10:00Z,2461278.673611111,42163.270887,375019.571078,151195671.638637,119.450343472,75.218309392,160.895721180,8.690868478,28.690868478,0.265442262,20.000000000,0.263637272,45.000000000,0.000000000000,0.000000000000,0.000000000000,0.000000000000,2.990657409307,0.762011045107,76.201104511
2026-08-26T04:15:00Z,2461278.677083333,42163.304707,374302.262552,151196428.619991,120.620896641,73.990162542,160.850911298,8.690861453,28.690861453,0.265950957,20.000000000,0.263635952,45.000000000,0.000000000000,0.000000000000,0.000000000000,0.000000000000,2.990657039457,0.762011074539,76.201107454
2026-08-26T04:20:00Z,2461278.680555556,42163.338894,373595.207643,151197180.070780,121.790778430,72.762286485,160.804003335,8.690854352,28.690854352,0.266454291,20.000000000,0.263634642,45.000000000,0.000000000000,0.002302795008,0.000000000000,0.000000000000,2.988353870589,0.762194354894,76.219435489
2026-08-26T04:25:00Z,2461278.684027778,42163.373433,372898.777852,151197925.578711,122.959731619,71.534707319,160.755032120,8.690847178,28.690847178,0.266951927,20.000000000,0.263633342,45.000000000,0.000000000000,0.008097388322,0.000000000000,0.000000000000,2.982558899571,0.762655504035,76.265550404
2026-08-26T04:30:00Z,2461278.687500000,42163.408307,372213.341271,151198664.734317,124.127478402,70.307452379,160.704033671,8.690839934,28.690839934,0.267443527,20.000000000,0.263632053,45.000000000,0.000000000000,0.015818456232,0.000000000000,0.000000000000,2.974837450280,0.763269957447,76.326995745
2026-08-26T04:35:00Z,2461278.690972222,42163.443503,371539.262314,151199397.131152,125.293718418,69.080550379,160.651045194,8.690832623,28.690832623,0.267928750,20.000000000,0.263630776,45.000000000,0.000000000000,0.025006091905,0.000000000000,0.000000000000,2.965649429716,0.764001116892,76.400111689
2026-08-26T04:40:00Z,2461278.694444444,42163.479004,370876.901428,151200122.365982,126.458126561,67.854031567,160.596105085,8.690825249,28.690825249,0.268407256,20.000000000,0.263629512,45.000000000,0.000000000000,0.035403348862,0.000000000000,0.000000000000,2.955251784529,0.764828535205,76.482853521
2026-08-26T04:45:00Z,2461278.697916667,42163.514795,370226.614813,151200840.038981,127.620350523,66.627927895,160.539252934,8.690817814,28.690817814,0.268878705,20.000000000,0.263628261,45.000000000,0.000000000000,0.046837529101,0.000000000000,0.000000000000,2.943817212893,0.765738469505,76.573846950
2026-08-26T04:50:00Z,2461278.701388889,42163.550860,369588.754135,151201549.753916,128.780008063,65.402273196,160.480529521,8.690810323,28.690810323,0.269342757,20.000000000,0.263627023,45.000000000,0.000000000000,0.059181072036,0.000000000000,0.000000000000,2.931473275564,0.766720768826,76.672076883
2026-08-26T04:55:00Z,2461278.704861111,42163.587183,368963.666240,151202251.118343,129.936683930,64.177103399,160.419976818,8.690802778,28.690802778,0.269799073,20.000000000,0.263625800,45.000000000,0.000000000000,0.072334078023,0.000000000000,0.000000000000,2.918319872363,0.767767483395,76.776748340
2026-08-26T05:00:00Z,2461278.708333333,42163.623748,368351.692864,151202943.743788,131.089926427,62.952456745,160.357637992,8.690795183,28.690795183,0.270247316,20.000000000,0.263624593,45.000000000,0.000000000000,0.086215096152,0.000000000000,0.000000000000,2.904438454374,0.768872131540,76.887213154
2026-08-26T05:05:00Z,2461278.711805556,42163.660538,367753.170347,151203627.245933,132.239243548,61.728374044,160.293557399,8.690787541,28.690787541,0.270687150,20.000000000,0.263623401,45.000000000,0.000000000000,0.100755718313,0.000000000000,0.000000000000,2.889897429884,0.770029269503,77.002926950
2026-08-26T05:10:00Z,2461278.715277778,42163.697538,367168.429340,151204301.244803,133.384098644,60.504898950,160.227780585,8.690779855,28.690779855,0.271118241,20.000000000,0.263622226,45.000000000,0.000000000000,0.115897154899,0.000000000000,0.000000000000,2.874755588679,0.771234218940,77.123421894
2026-08-26T05:15:00Z,2461278.718750000,42163.734732,366597.794516,151204965.364943,134.523905543,59.282078275,160.160354285,8.690772130,28.690772130,0.271540259,20.000000000,0.263621068,45.000000000,0.000000000000,0.131587936193,0.000000000000,0.000000000000,2.859064400656,0.772482884009,77.248288401
2026-08-26T05:20:00Z,2461278.722222222,42163.772101,366041.584281,151205619.235597,135.658023079,58.059962333,160.091326414,8.690764368,28.690764368,0.271952875,20.000000000,0.263619928,45.000000000,0.000000000000,0.147782296824,0.000000000000,0.000000000000,2.842869631367,0.773771622801,77.377162280
2026-08-26T05:25:00Z,2461278.725694444,42163.809631,365500.110488,151206262.490889,136.785748926,56.838605336,160.020746069,8.690756572,28.690756572,0.272355765,20.000000000,0.263618806,45.000000000,0.000000000000,0.164438996153,0.000000000000,0.000000000000,2.826212521633,0.775097153477,77.509715348
2026-08-26T05:30:00Z,2461278.729166667,42163.847303,364973.678149,151206894.769989,137.906312678,55.618065831,159.948663520,8.690748747,28.690748747,0.272748610,20.000000000,0.263617704,45.000000000,0.000000000000,0.181520428385,0.000000000000,0.000000000000,2.809130677435,0.776456483448,77.645648345
2026-08-26T05:35:00Z,2461278.732638889,42163.885102,364462.585148,151207515.717296,139.018868075,54.398407197,159.875130197,8.690740896,28.690740896,0.273131093,20.000000000,0.263616622,45.000000000,0.000000000000,0.198991931511,0.000000000000,0.000000000000,2.791658760966,0.777846854383,77.784685438
2026-08-26T05:40:00Z,2461278.736111111,42163.923009,363967.121963,151208124.982598,140.122484291,53.179698209,159.800198692,8.690733022,28.690733022,0.273502906,20.000000000,0.263615559,45.000000000,0.000000000000,0.216821235898,0.000000000000,0.000000000000,2.773829042045,0.779265698333,77.926569833
2026-08-26T05:45:00Z,2461278.739583333,42163.961008,363487.571385,151208722.221244,141.216136181,51.962013674,159.723922735,8.690725129,28.690725129,0.273863742,20.000000000,0.263614518,45.000000000,0.000000000000,0.234978013027,0.000000000000,0.000000000000,2.755671849382,0.780710601816,78.071060182
2026-08-26T05:50:00Z,2461278.743055556,42163.999081,363024.208242,151209307.094306,142.298693400,50.745435157,159.646357193,8.690717221,28.690717221,0.274213303,20.000000000,0.263613498,45.000000000,0.000000000000,0.253433496490,0.000000000000,0.000000000000,2.737215949571,0.782179275658,78.217927566
2026-08-26T05:55:00Z,2461278.746527778,42164.037211,362577.299130,151209879.268741,143.368908322,49.530051813,159.567558044,8.690709301,28.690709301,0.274551298,20.000000000,0.263612501,45.000000000,0.000000000000,0.272160155576,0.000000000000,0.000000000000,2.718488873515,0.783669529020,78.366952902
2026-08-26T06:00:00Z,2461278.750000000,42164.075381,362147.102146,151210438.417552,144.425402680,48.315961333,159.487582369,8.690701372,28.690701372,0.274877442,20.000000000,0.263611526,45.000000000,0.000000000000,0.291131406372,0.000000000000,0.000000000000,2.699517205319,0.785179246406,78.517924641
2026-08-26T06:05:00Z,2461278.753472222,42164.113573,361733.866623,151210984.219940,145.466652924,47.103271036,159.406488326,8.690693440,28.690693440,0.275191458,20.000000000,0.263610575,45.000000000,0.000000000000,0.310321349135,0.000000000000,0.000000000000,2.680326844919,0.786706366765,78.670636676
2026-08-26T06:10:00Z,2461278.756944444,42164.151768,361337.832880,151211516.361460,146.490974302,45.892099126,159.324335129,8.690685506,28.690685506,0.275493076,20.000000000,0.263609647,45.000000000,0.000000000000,0.329704522317,0.000000000000,0.000000000000,2.660943254055,0.788248863915,78.824886392
2026-08-26T06:15:00Z,2461278.760416667,42164.189951,360959.231962,151212034.534171,147.496503828,44.682576141,159.241183032,8.690677575,28.690677575,0.275782035,20.000000000,0.263608744,45.000000000,0.000000000000,0.349255661292,0.000000000000,0.000000000000,2.641391697540,0.789804727347,78.980472735
2026-08-26T06:20:00Z,2461278.763888889,42164.228129,360598.285245,151212538.436809,148.481182684,43.474846620,159.157093347,8.690669645,28.690669645,0.276058086,20.000000000,0.263607865,45.000000000,0.000000000000,0.368949487432,0.000000000000,0.000000000000,2.621697453917,0.791371945459,79.137194546
2026-08-26T06:25:00Z,2461278.767361111,42164.266295,360255.204670,151213027.774784,149.442736524,42.269071305,159.072128289,8.690661718,28.690661718,0.276320986,20.000000000,0.263607012,45.000000000,0.000000000000,0.388760431787,0.000000000000,0.000000000000,2.601886092209,0.792948483531,79.294848353
2026-08-26T06:30:00Z,2461278.770833333,42164.304431,359930.192342,151213502.260396,150.378657532,41.065429297,158.986350978,8.690653796,28.690653796,0.276570502,20.000000000,0.263606185,45.000000000,0.000000000000,0.408662406020,0.000000000000,0.000000000000,2.581983700952,0.794532265505,79.453226551
2026-08-26T06:35:00Z,2461278.774305556,42164.342518,359623.440181,151213961.613018,151.286187509,39.864120675,158.899825447,8.690645885,28.690645885,0.276806413,20.000000000,0.263605384,45.000000000,0.000000000000,0.428628534726,0.000000000000,0.000000000000,2.562017155754,0.796121152688,79.612115269
2026-08-26T06:40:00Z,2461278.777777778,42164.380538,359335.129705,151214405.559231,152.162303055,38.665369655,158.812616602,8.690637988,28.690637988,0.277028509,20.000000000,0.263604610,45.000000000,0.000000000000,0.448630862207,0.000000000000,0.000000000000,2.542014412515,0.797712920419,79.771292042
2026-08-26T06:45:00Z,2461278.781250000,42164.418472,359065.431834,151214833.832951,153.003705018,37.469428329,158.724790183,8.690630109,28.690630109,0.277236590,20.000000000,0.263603864,45.000000000,0.000000000000,0.468640026078,0.000000000000,0.000000000000,2.522004833830,0.799305232097,79.930523210
2026-08-26T06:50:00Z,2461278.784722222,42164.456301,358814.506699,151215246.175559,153.806814573,36.276581091,158.636412718,8.690622252,28.690622252,0.277430467,20.000000000,0.263603145,45.000000000,0.000000000000,0.488624886671,0.000000000000,0.000000000000,2.502019559572,0.800895609691,80.089560969
2026-08-26T06:55:00Z,2461278.788194444,42164.494006,358582.503459,151215642.336024,154.567778893,35.087149907,158.547551484,8.690614420,28.690614420,0.277609967,20.000000000,0.263602454,45.000000000,0.000000000000,0.508552100080,0.000000000000,0.000000000000,2.482091933858,0.802481399759,80.248139976
2026-08-26T07:00:00Z,2461278.791666667,42164.531567,358369.560134,151216022.071024,155.282489895,33.901500637,158.458274453,8.690606618,28.690606618,0.277774924,20.000000000,0.263601792,45.000000000,0.000000000000,0.528385619260,0.000000000000,0.000000000000,2.462258003945,0.804059733752,80.405973375
2026-08-26T07:05:00Z,2461278.795138889,42164.568965,358175.803449,151216385.145062,155.946619917,32.720050602,158.368650248,8.690598851,28.690598851,0.277925189,20.000000000,0.263601159,45.000000000,0.000000000000,0.548086104143,0.000000000000,0.000000000000,2.442557110113,0.805627481071,80.562748107
2026-08-26T07:10:00Z,2461278.798611111,42164.606180,358001.348682,151216731.330578,156.555678152,31.543277748,158.278748081,8.690591121,28.690591121,0.278060623,20.000000000,0.263600556,45.000000000,0.000000000000,0.567610215871,0.000000000000,0.000000000000,2.423032591432,0.807181192900,80.718119290
2026-08-26T07:15:00Z,2461278.802083333,42164.643193,357846.299540,151217060.408057,157.105091072,30.371731738,158.188637707,8.690583433,28.690583433,0.278181103,20.000000000,0.263599982,45.000000000,0.000000000000,0.586909763007,0.000000000000,0.000000000000,2.403732639555,0.808717034272,80.871703427
2026-08-26T07:20:00Z,2461278.805555556,42164.679985,357710.748027,151217372.166140,157.590308615,29.206047470,158.098389360,8.690575791,28.690575791,0.278286519,20.000000000,0.263599439,45.000000000,0.000000000000,0.605930656957,0.000000000000,0.000000000000,2.384711343293,0.810230700934,81.023070093
2026-08-26T07:25:00Z,2461278.809027778,42164.716534,357594.774345,151217666.401715,158.006935458,28.046961624,158.008073696,8.690568199,28.690568199,0.278376772,20.000000000,0.263598926,45.000000000,0.000000000000,0.624611618166,0.000000000000,0.000000000000,2.366029982413,0.811717316398,81.171731640
2026-08-26T07:30:00Z,2461278.812500000,42164.752823,357498.446796,151217942.920022,158.350883227,26.895333011,157.917761728,8.690560662,28.690560662,0.278451781,20.000000000,0.263598444,45.000000000,0.000000000000,0.642882551885,0.000000000000,0.000000000000,2.347758651882,0.813171302683,81.317130268
2026-08-26T07:35:00Z,2461278.815972222,42164.788830,357421.821697,151218201.534746,158.618535367,25.752167701,157.827524768,8.690553183,28.690553183,0.278511477,20.000000000,0.263597993,45.000000000,0.000000000000,0.660662475299,0.000000000000,0.000000000000,2.329978334727,0.814586215366,81.458621537
2026-08-26T07:40:00Z,2461278.819444444,42164.824537,357364.943320,151218442.068100,158.806912308,24.618650188,157.737434353,8.690545767,28.690545767,0.278555805,20.000000000,0.263597574,45.000000000,0.000000000000,0.677856817660,0.000000000000,0.000000000000,2.312783601915,0.815954528727,81.595452873
2026-08-26T07:45:00Z,2461278.822916667,42164.859924,357327.843830,151218664.350916,158.913821482,23.496182204,157.647562186,8.690538417,28.690538417,0.278584726,20.000000000,0.263597186,45.000000000,0.000000000000,0.694353806685,0.000000000000,0.000000000000,2.296286225941,0.817267348194,81.726734819
2026-08-26T07:50:00Z,2461278.826388889,42164.894971,357310.543250,151218868.222722,158.937975875,22.386431165,157.557980059,8.690531137,28.690531137,0.278598215,20.000000000,0.263596831,45.000000000,0.000000000000,0.710019447346,0.000000000000,0.000000000000,2.280620202045,0.818514010765,81.851401076
2026-08-26T07:55:00Z,2461278.829861111,42164.929659,357313.049435,151219053.531822,158.879066761,21.291390815,157.468759793,8.690523933,28.690523933,0.278596261,20.000000000,0.263596508,45.000000000,0.000000000000,0.724690159112,0.000000000000,0.000000000000,2.265949110971,0.819681499097,81.968149910
2026-08-26T08:00:00Z,2461278.833333333,42164.963968,357335.358059,151219220.135364,158.737781251,20.213457119,157.379973157,8.690516806,28.690516806,0.278578868,20.000000000,0.263596217,45.000000000,0.000000000000,0.738161093179,0.000000000000,0.000000000000,2.252477801735,0.820753511825,82.075351182
2026-08-26T08:05:00Z,2461278.836805556,42164.997881,357377.452618,151219367.899413,158.515762329,19.155523095,157.291691802,8.690509763,28.690509763,0.278546055,20.000000000,0.263595960,45.000000000,0.000000000000,0.750165267006,0.000000000000,0.000000000000,2.240473257084,0.821708803135,82.170880313
2026-08-26T08:10:00Z,2461278.840277778,42165.031376,357439.304447,151219496.699010,158.215516653,18.121096636,157.203987188,8.690502806,28.690502806,0.278497854,20.000000000,0.263595735,45.000000000,0.000000000000,0.760328801293,0.000000000000,0.000000000000,2.230309356527,0.822517620642,82.251762064
2026-08-26T08:15:00Z,2461278.843750000,42165.064437,357520.872752,151219606.418234,157.840281791,17.114445351,157.116930510,8.690495939,28.690495939,0.278434315,20.000000000,0.263595544,45.000000000,0.000000000000,0.768038873538,0.000000000000,0.000000000000,2.222598922768,0.823131197465,82.313119747
2026-08-26T08:20:00Z,2461278.847222222,42165.097045,357622.104654,151219696.950260,157.393868375,16.140771211,157.030592623,8.690489166,28.690489166,0.278355498,20.000000000,0.263595386,45.000000000,0.000000000000,0.771412631738,0.000000000000,0.000000000000,2.219224808014,0.823399700986,82.339970099
2026-08-26T08:25:00Z,2461278.850694444,42165.129180,357742.935249,151219768.197401,156.880493455,15.206414327,156.945043975,8.690482492,28.690482492,0.278261480,20.000000000,0.263595262,45.000000000,0.000000000000,0.771412280344,0.000000000000,0.000000000000,2.219224808014,0.823399700986,82.339970099
2026-08-26T08:30:00Z,2461278.854166667,42165.160826,357883.287679,151219820.071165,156.304619485,14.319077336,156.860354527,8.690475919,28.690475919,0.278152352,20.000000000,0.263595172,45.000000000,0.000000000000,0.771411934305,0.000000000000,0.000000000000,2.219224808014,0.823399700986,82.339970099
2026-08-26T08:35:00Z,2461278.857638889,42165.191965,358043.073222,151219852.492289,155.670809723,13.488046941,156.776593685,8.690469451,28.690469451,0.278028219,20.000000000,0.263595115,45.000000000,0.000000000000,0.771411593815,0.000000000000,0.000000000000,2.219224808014,0.823399700986,82.339970099
2026-08-26T08:40:00Z,2461278.861111111,42165.222578,358222.191390,151219865.390780,154.983606656,12.724363399,156.693830227,8.690463093,28.690463093,0.277889198,20.000000000,0.263595093,45.000000000,0.000000000000,0.771411259066,0.000000000000,0.000000000000,2.219224808014,0.823399700986,82.339970099
2026-08-26T08:45:00Z,2461278.864583333,42165.252650,358420.530040,151219858.705946,154.247436106,12.040850740,156.612132231,8.690456847,28.690456847,0.277735422,20.000000000,0.263595104,45.000000000,0.000000000000,0.771410930245,0.000000000000,0.000000000000,2.219224808014,0.823399700986,82.339970099
2026-08-26T08:50:00Z,2461278.868055556,42165.282162,358637.965503,151219832.386427,153.466536604,11.451875589,156.531567008,8.690450717,28.690450717,0.277567035,20.000000000,0.263595150,45.000000000,0.000000000000,0.771410607536,0.000000000000,0.000000000000,2.219224808014,0.823399700986,82.339970099
2026-08-26T08:55:00Z,2461278.871527778,42165.311099,358874.362722,151219786.390218,152.644911585,10.972673812,156.452201029,8.690444707,28.690444707,0.277384195,20.000000000,0.263595230,45.000000000,0.000000000000,0.771410291119,0.000000000000,0.000000000000,2.219224808014,0.823399700986,82.339970099
2026-08-26T09:00:00Z,2461278.875000000,42165.339445,359129.575400,151219720.684687,151.786300833,10.618119626,156.374099862,8.690438820,28.690438820,0.277187072,20.000000000,0.263595345,45.000000000,0.000000000000,0.771409981172,0.000000000000,0.000000000000,2.219224808014,0.823399700986,82.339970099
2026-08-26T09:05:00Z,2461278.878472222,42165.367183,359403.446166,151219635.246591,150.894167293,10.400968817,156.297328104,8.690433058,28.690433058,0.276975850,20.000000000,0.263595494,45.000000000,0.000000000000,0.771409677868,0.000000000000,0.000000000000,2.219224808014,0.823399700986,82.339970099
2026-08-26T09:10:00Z,2461278.881944444,42165.394298,359695.806745,151219530.062088,149.971695526,10.329890508,156.221949316,8.690427427,28.690427427,0.276750723,20.000000000,0.263595677,45.000000000,0.000000000000,0.771409381375,0.000000000000,0.000000000000,2.219224808014,0.823399700986,82.339970099
2026-08-26T09:15:00Z,2461278.885416667,42165.420775,360006.478143,151219405.126740,149.021798500,10.407877388,156.148025966,8.690421927,28.690421927,0.276511896,20.000000000,0.263595895,45.000000000,0.000000000000,0.771409091860,0.000000000000,0.000000000000,2.219224808014,0.823399700986,82.339970099
2026-08-26T09:20:00Z,2461278.888888889,42165.446599,360335.270844,151219260.445518,148.047130019,10.631648583,156.075619363,8.690416564,28.690416564,0.276259587,20.000000000,0.263596147,45.000000000,0.000000000000,0.771408809485,0.000000000000,0.000000000000,2.219224808014,0.823399700986,82.339970099
2026-08-26T09:25:00Z,2461278.892361111,42165.471756,360681.985011,151219096.032794,147.050100623,10.992302887,156.004789605,8.690411339,28.690411339,0.275994024,20.000000000,0.263596434,45.000000000,0.000000000000,0.771408534406,0.000000000000,0.000000000000,2.219224808014,0.823399700986,82.339970099
2026-08-26T09:30:00Z,2461278.895833333,42165.496232,361046.410705,151218911.912340,146.032895345,11.476941134,155.935595519,8.690406255,28.690406255,0.275715444,20.000000000,0.263596755,45.000000000,0.000000000000,0.771408266778,0.000000000000,0.000000000000,2.219224808014,0.823399700986,82.339970099
2026-08-26T09:35:00Z,2461278.899305556,42165.520013,361428.328102,151218708.117310,144.997492147,12.070636139,155.868094613,8.690401316,28.690401316,0.275424096,20.000000000,0.263597110,45.000000000,0.000000000000,0.771408006749,0.000000000000,0.000000000000,2.219224808014,0.823399700986,82.339970099
2026-08-26T09:40:00Z,2461278.902777778,42165.543085,361827.507731,151218484.690226,143.945680213,12.758169439,155.802343024,8.690396524,28.690396524,0.275120238,20.000000000,0.263597499,45.000000000,0.000000000000,0.771407754466,0.000000000000,0.000000000000,2.219224808014,0.823399700986,82.339970099
2026-08-26T09:45:00Z,2461278.906250000,42165.565436,362243.710708,151218241.682959,142.879077558,13.525235114,155.738395467,8.690391882,28.690391882,0.274804133,20.000000000,0.263597923,45.000000000,0.000000000000,0.771407510068,0.000000000000,0.000000000000,2.219224808014,0.823399700986,82.339970099
2026-08-26T09:50:00Z,2461278.909722222,42165.587053,362676.688984,151217979.156697,141.799147617,14.359089523,155.676305198,8.690387392,28.690387392,0.274476058,20.000000000,0.263598381,45.000000000,0.000000000000,0.771407273693,0.000000000000,0.000000000000,2.219224808014,0.823399700986,82.339970099
2026-08-26T09:55:00Z,2461278.913194444,42165.607925,363126.185598,151217697.181923,140.707214634,15.248776311,155.616123966,8.690383057,28.690383057,0.274136295,20.000000000,0.263598872,45.000000000,0.000000000000,0.771407045473,0.000000000000,0.000000000000,2.219224808014,0.823399700986,82.339970099
2026-08-26T10:00:00Z,2461278.916666667,42165.628039,363591.934940,151217395.838375,139.604477767,16.185087085,155.557901979,8.690378879,28.690378879,0.273785133,20.000000000,0.263599397,45.000000000,0.000000000000,0.771406825536,0.000000000000,0.000000000000,2.219224808014,0.823399700986,82.339970099
2026-08-26T10:05:00Z,2461278.920138889,42165.647385,364073.663010,151217075.215010,138.492023909,17.160387887,155.501687863,8.690374861,28.690374861,0.273422868,20.000000000,0.263599956,45.000000000,0.000000000000,0.767745020018,0.000000000000,0.000000000000,2.222886402001,0.823108320595,82.310832059
2026-08-26T10:10:00Z,2461278.923611111,42165.665950,364571.087692,151216735.409960,137.370839268,18.168396664,155.447528635,8.690371005,28.690371005,0.273049804,20.000000000,0.263600549,45.000000000,0.000000000000,0.759900619344,0.000000000000,0.000000000000,2.230730599672,0.822484099178,82.248409918
2026-08-26T10:15:00Z,2461278.927083333,42165.683726,365083.919027,151216376.530482,136.241819764,19.203959466,155.395469668,8.690367313,28.690367313,0.272666250,20.000000000,0.263601174,45.000000000,0.000000000000,0.749641414952,0.000000000000,0.000000000000,2.240989609700,0.821667713099,82.166771310
2026-08-26T10:20:00Z,2461278.930555556,42165.700701,365611.859493,151215998.692912,135.105780342,20.262847917,155.345554669,8.690363788,28.690363788,0.272272519,20.000000000,0.263601833,45.000000000,0.000000000000,0.737562602536,0.000000000000,0.000000000000,2.253068236502,0.820706526519,82.070652652
2026-08-26T10:25:00Z,2461278.934027778,42165.716866,366154.604283,151215602.022600,133.963463286,21.341585976,155.297825653,8.690360430,28.690360430,0.271868931,20.000000000,0.263602524,45.000000000,0.000000000000,0.724031366952,0.000000000000,0.000000000000,2.266599295328,0.819629759070,81.962975907
2026-08-26T10:30:00Z,2461278.937500000,42165.732212,366711.841596,151215186.653860,132.815545634,22.437306435,155.252322922,8.690357243,28.690357243,0.271455809,20.000000000,0.263603249,45.000000000,0.000000000000,0.709311096736,0.000000000000,0.000000000000,2.281319397742,0.818458370539,81.845837054
2026-08-26T10:35:00Z,2461278.940972222,42165.746731,367283.252917,151214752.729896,131.662645762,23.547634259,155.209085048,8.690354227,28.690354227,0.271033481,20.000000000,0.263604005,45.000000000,0.000000000000,0.693604356674,0.000000000000,0.000000000000,2.297025979054,0.817208480512,81.720848051
2026-08-26T10:40:00Z,2461278.944444444,42165.760413,367868.513311,151214300.402738,130.505329268,24.670592720,155.168148858,8.690351386,28.690351386,0.270602277,20.000000000,0.263604793,45.000000000,0.000000000000,0.677073131429,0.000000000000,0.000000000000,2.313557054690,0.815892979310,81.589297931
2026-08-26T10:45:00Z,2461278.947916667,42165.773252,368467.291708,151213829.833168,129.344114177,25.804528295,155.129549424,8.690348719,28.690348719,0.270162531,20.000000000,0.263605614,45.000000000,0.000000000000,0.659850235545,0.000000000000,0.000000000000,2.330779810194,0.814522435974,81.452243597
2026-08-26T10:50:00Z,2461278.951388889,42165.785239,369079.251200,151213341.190640,128.179475593,26.948050658,155.093320052,8.690346230,28.690346230,0.269714579,20.000000000,0.263606466,45.000000000,0.000000000000,0.642046535829,0.000000000000,0.000000000000,2.348583378838,0.813105672997,81.310567300
2026-08-26T10:55:00Z,2461278.954861111,42165.796368,369704.049325,151212834.653204,127.011849826,28.099984720,155.059492277,8.690343918,28.690343918,0.269258760,20.000000000,0.263607349,45.000000000,0.000000000000,0.623755891503,0.000000000000,0.000000000000,2.366873901475,0.811650159453,81.165015945
2026-08-26T11:00:00Z,2461278.958333333,42165.806633,370341.338362,151212310.407414,125.841638071,29.259332229,155.028095860,8.690341786,28.690341786,0.268795412,20.000000000,0.263608263,45.000000000,0.000000000000,0.605058716558,0.000000000000,0.000000000000,2.385570964183,0.810162294477,81.016229448
2026-08-26T11:05:00Z,2461278.961805556,42165.816027,370990.765622,151211768.648246,124.669209689,30.425240910,154.999158786,8.690339835,28.690339835,0.268324876,20.000000000,0.263609207,45.000000000,0.000000000000,0.586024645398,0.000000000000,0.000000000000,2.404604932622,0.808647619395,80.864761939
2026-08-26T11:10:00Z,2461278.965277778,42165.824546,371651.973732,151211209.578996,123.494905128,31.596979584,154.972707268,8.690338066,28.690338066,0.267847494,20.000000000,0.263610182,45.000000000,0.000000000000,0.566714581410,0.000000000000,0.000000000000,2.423914903465,0.807110980740,80.711098074
2026-08-26T11:15:00Z,2461278.968750000,42165.832184,372324.600928,151210633.411189,122.319038541,32.773918016,154.948765750,8.690336479,28.690336479,0.267363608,20.000000000,0.263611186,45.000000000,0.000000000000,0.547182303725,0.000000000000,0.000000000000,2.443447097632,0.805556658114,80.555665811
2026-08-26T11:20:00Z,2461278.972222222,42165.838937,373008.281338,151210040.364475,121.141900116,33.955510532,154.927356914,8.690335077,28.690335077,0.266873558,20.000000000,0.263612220,45.000000000,0.000000000000,0.527475747756,0.000000000000,0.000000000000,2.463153579757,0.803988466094,80.398846609
2026-08-26T11:25:00Z,2461278.975694444,42165.844802,373702.645264,151209430.666527,119.963758174,35.141282618,154.908501690,8.690333859,28.690333859,0.266377686,20.000000000,0.263613283,45.000000000,0.000000000000,0.507638039896,0.000000000000,0.000000000000,2.482991223488,0.802409836564,80.240983656
2026-08-26T11:30:00Z,2461278.979166667,42165.849776,374407.319467,151208804.552925,118.784861044,36.330819924,154.892219266,8.690332826,28.690332826,0.265876332,20.000000000,0.263614375,45.000000000,0.000000000000,0.487708343514,0.000000000000,0.000000000000,2.502920865488,0.800823886045,80.082388604
2026-08-26T11:35:00Z,2461278.982638889,42165.853855,375121.927441,151208162.267054,117.605438749,37.523759196,154.878527103,8.690331978,28.690331978,0.265369833,20.000000000,0.263615494,45.000000000,0.000000000000,0.467722558770,0.000000000000,0.000000000000,2.522906605628,0.799233471378,79.923347138
2026-08-26T11:40:00Z,2461278.986111111,42165.857038,375846.089689,151207504.059976,116.425704524,38.719780758,154.867440950,8.690331317,28.690331317,0.264858527,20.000000000,0.263616642,45.000000000,0.000000000000,0.447713907783,0.000000000000,0.000000000000,2.542915221809,0.797641236293,79.764123629
2026-08-26T11:45:00Z,2461278.989583333,42165.859324,376579.423996,151206830.190321,115.245856186,39.918602251,154.858974863,8.690330843,28.690330843,0.264342750,20.000000000,0.263617817,45.000000000,0.000000000000,0.427713429844,0.000000000000,0.000000000000,2.562915674755,0.796049650818,79.604965082
2026-08-26T11:50:00Z,2461278.993055556,42165.860712,377321.545692,151206140.924156,114.066077365,41.119973407,154.853141218,8.690330554,28.690330554,0.263822833,20.000000000,0.263619018,45.000000000,0.000000000000,0.407750405477,0.000000000000,0.000000000000,2.582878683950,0.794461045021,79.446104502
2026-08-26T11:55:00Z,2461278.996527778,42165.861201,378072.067918,151205436.534862,112.886538625,42.323671649,154.849950743,8.690330453,28.690330453,0.263299107,20.000000000,0.263620246,45.000000000,0.000000000000,0.387852724776,0.000000000000,0.000000000000,2.602776359303,0.792877638327,79.287763833
2026-08-26T12:00:00Z,2461279.000000000,42165.860792,378830.601888,151204717.303001,111.707398476,43.529498393,154.849412527,8.690330538,28.690330538,0.262771898,20.000000000,0.263621500,45.000000000,0.000000000000,0.368047212068,0.000000000000,0.000000000000,2.622581876481,0.791301565347,79.130156535
2026-08-26T12:05:00Z,2461279.003472222,42165.859486,379596.757135,151203983.516187,110.528804295,44.737275905,154.851534057,8.690330809,28.690330809,0.262241531,20.000000000,0.263622780,45.000000000,0.000000000000,0.348359917956,0.000000000000,0.000000000000,2.642269184869,0.789734899124,78.973489912
2026-08-26T12:10:00Z,2461279.006944444,42165.857285,380370.141770,151203235.468943,109.350893163,45.946844641,154.856321233,8.690331266,28.690331266,0.261708327,20.000000000,0.263624084,45.000000000,0.000000000000,0.328816386279,0.000000000000,0.000000000000,2.661812740611,0.788179672373,78.817967237
2026-08-26T12:15:00Z,2461279.010416667,42165.854192,381150.362720,151202473.462565,108.173792627,47.158060964,154.863778401,8.690331908,28.690331908,0.261172602,20.000000000,0.263625413,45.000000000,0.000000000000,0.309441886364,0.000000000000,0.000000000000,2.681187274352,0.786637895966,78.663789597
2026-08-26T12:20:00Z,2461279.013888889,42165.850208,381937.025973,151201697.804978,106.997621400,48.370795205,154.873908376,8.690332736,28.690332736,0.260634670,20.000000000,0.263626765,45.000000000,0.000000000000,0.290261683839,0.000000000000,0.000000000000,2.700367520433,0.785111580479,78.511158048
2026-08-26T12:25:00Z,2461279.017361111,42165.845339,382729.736810,151200908.810590,105.822489999,49.584929980,154.886712473,8.690333747,28.690333747,0.260094839,20.000000000,0.263628141,45.000000000,0.000000000000,0.271301252240,0.000000000000,0.000000000000,2.719328005280,0.783602753036,78.360275304
2026-08-26T12:30:00Z,2461279.020833333,42165.839587,383528.100035,151200106.800139,104.648501331,50.800358755,154.902190540,8.690334942,28.690334942,0.259553414,20.000000000,0.263629539,45.000000000,0.000000000000,0.252586514710,0.000000000000,0.000000000000,2.738042805702,0.782113476538,78.211347654
2026-08-26T12:35:00Z,2461279.024305556,42165.832958,384331.720199,151199292.100546,103.475751235,52.016984586,154.920340979,8.690336319,28.690336319,0.259010696,20.000000000,0.263630960,45.000000000,0.000000000000,0.234144090684,0.000000000000,0.000000000000,2.756485302212,0.780645869296,78.064586930
2026-08-26T12:40:00Z,2461279.027777778,42165.825457,385140.201820,151198465.044757,102.304328976,53.234719045,154.941160787,8.690337877,28.690337877,0.258466980,20.000000000,0.263632402,45.000000000,0.000000000000,0.216001559641,0.000000000000,0.000000000000,2.774627915274,0.779202126022,77.920212602
2026-08-26T12:45:00Z,2461279.031250000,42165.817090,385953.149596,151197625.971583,101.134317707,54.453481267,154.964645581,8.690339614,28.690339614,0.257922558,20.000000000,0.263633865,45.000000000,0.000000000000,0.198187751584,0.000000000000,0.000000000000,2.792441814816,0.777784540938,77.778454094
2026-08-26T12:50:00Z,2461279.034722222,42165.807864,386770.168611,151196775.225543,99.965794895,55.673197130,154.990789633,8.690341531,28.690341531,0.257377715,20.000000000,0.263635348,45.000000000,0.000000000000,0.180733075789,0.000000000000,0.000000000000,2.809896591493,0.776395533943,77.639553394
2026-08-26T12:55:00Z,2461279.038194444,42165.797838,387590.865057,151195913.157221,98.798831974,56.893797733,155.019585557,8.690343613,28.690343613,0.256832732,20.000000000,0.263636851,45.000000000,0.000000000000,0.163669913617,0.000000000000,0.000000000000,2.826959863290,0.775037681917,77.503768192
2026-08-26T13:00:00Z,2461279.041666667,42165.787105,388414.855160,151195040.115087,97.633482608,58.115231605,155.051024369,8.690345842,28.690345842,0.256287879,20.000000000,0.263638374,45.000000000,0.000000000000,0.147032900105,0.000000000000,0.000000000000,2.843596994154,0.773713741110,77.371374111
2026-08-26T13:05:00Z,2461279.045138889,42165.775674,389241.743703,151194156.462000,96.469813359,59.337436940,155.085096572,8.690348216,28.690348216,0.255743428,20.000000000,0.263639914,45.000000000,0.000000000000,0.130859860066,0.000000000000,0.000000000000,2.859770159185,0.772426721529,77.242672153
2026-08-26T13:10:00Z,2461279.048611111,42165.763551,390071.139007,151193262.563776,95.307883165,60.560359726,155.121791428,8.690350734,28.690350734,0.255199646,20.000000000,0.263641473,45.000000000,0.000000000000,0.115192243074,0.000000000000,0.000000000000,2.875437908738,0.771179921635,77.117992164
2026-08-26T13:15:00Z,2461279.052083333,42165.750742,390902.650706,151192358.791111,94.147747016,61.783949855,155.161097022,8.690353394,28.690353394,0.254656792,20.000000000,0.263643049,45.000000000,0.000000000000,0.100076073931,0.000000000000,0.000000000000,2.890554217941,0.769977003970,76.997700397
2026-08-26T13:20:00Z,2461279.055555556,42165.737253,391735.889922,151191445.519412,92.989456246,63.008160726,155.203000294,8.690356196,28.690356196,0.254115123,20.000000000,0.263644642,45.000000000,0.000000000000,0.085563149575,0.000000000000,0.000000000000,2.905067289793,0.768822090407,76.882209041
2026-08-26T13:25:00Z,2461279.059027778,42165.723089,392570.469438,151190523.128609,91.833058795,64.232948906,155.247487075,8.690359138,28.690359138,0.253574887,20.000000000,0.263646250,45.000000000,0.000000000000,0.071712680948,0.000000000000,0.000000000000,2.918917913286,0.767719892811,76.771989281
2026-08-26T13:30:00Z,2461279.062500000,42165.708257,393406.003861,151189592.002984,90.678599470,65.458273810,155.294542117,8.690362218,28.690362218,0.253036329,20.000000000,0.263647874,45.000000000,0.000000000000,0.058593633635,0.000000000000,0.000000000000,2.932037122776,0.766675899291,76.667589929
2026-08-26T13:35:00Z,2461279.065972222,42165.692762,394242.109782,151188652.530979,89.526120183,66.684097431,155.344149126,8.690365437,28.690365437,0.252499688,20.000000000,0.263649512,45.000000000,0.000000000000,0.046288223167,0.000000000000,0.000000000000,2.944342702675,0.765696652356,76.569665236
2026-08-26T13:40:00Z,2461279.069444444,42165.676609,395078.405933,151187705.105022,88.375660186,67.910384085,155.396290799,8.690368792,28.690368792,0.251965196,20.000000000,0.263651164,45.000000000,0.000000000000,0.034897450218,0.000000000000,0.000000000000,2.955733652252,0.764790189391,76.479018939
2026-08-26T13:45:00Z,2461279.072916667,42165.659802,395914.513335,151186750.121328,87.227256289,69.137100190,155.450948851,8.690372282,28.690372282,0.251433083,20.000000000,0.263652830,45.000000000,0.000000000000,0.024550572919,0.000000000000,0.000000000000,2.966080713324,0.763966796432,76.396679643
2026-08-26T13:50:00Z,2461279.076388889,42165.642346,396750.055442,151185787.979721,86.080943080,70.364214057,155.508104050,8.690375908,28.690375908,0.250903570,20.000000000,0.263654508,45.000000000,0.000000000000,0.015423187689,0.000000000000,0.000000000000,2.975208289420,0.763240447005,76.324044701
2026-08-26T13:55:00Z,2461279.079861111,42165.624246,397584.658284,151184819.083440,84.936753122,71.591695713,155.567736250,8.690379667,28.690379667,0.250376875,20.000000000,0.263656197,45.000000000,0.000000000000,0.007778104056,0.000000000000,0.000000000000,2.982853570967,0.762632054831,76.263205483
2026-08-26T14:00:00Z,2461279.083333333,42165.605506,398417.950596,151183843.838946,83.794717163,72.819516727,155.629824419,8.690383559,28.690383559,0.249853207,20.000000000,0.263657898,45.000000000,0.000000000000,0.002092122616,0.000000000000,0.000000000000,2.988539757321,0.762179562498,76.217956250
2026-08-26T14:05:00Z,2461279.086805556,42165.586130,399249.563951,151182862.655728,82.654864324,74.047650063,155.694346673,8.690387584,28.690387584,0.249332775,20.000000000,0.263659609,45.000000000,0.000000000000,0.000000000000,0.000000000000,0.000000000000,2.990632091806,0.762013059810,76.201305981
2026-08-26T14:10:00Z,2461279.090277778,42165.566121,400079.132887,151181875.946113,81.517222294,75.276069935,155.761280304,8.690391739,28.690391739,0.248815777,20.000000000,0.263661330,45.000000000,0.000000000000,0.000000000000,0.000000000000,0.000000000000,2.990632310590,0.762013042400,76.201304240
2026-08-26T14:15:00Z,2461279.093750000,42165.545484,400906.295022,151180884.125065,80.381817516,76.504751683,155.830601814,8.690396026,28.690396026,0.248302409,20.000000000,0.263663060,45.000000000,0.000000000000,0.000000000000,0.000000000000,0.000000000000,2.990632536246,0.762013024442,76.201302444
2026-08-26T14:20:00Z,2461279.097222222,42165.524222,401730.691173,151179887.609990,79.248675374,77.733671652,155.902286937,8.690400442,28.690400442,0.247792862,20.000000000,0.263664798,45.000000000,0.000000000000,0.000000000000,0.000000000000,0.000000000000,2.990632768735,0.762013005942,76.201300594
2026-08-26T14:25:00Z,2461279.100694444,42165.502339,402551.965468,151178886.820536,78.117820379,78.962807082,155.976310675,8.690404987,28.690404987,0.247287319,20.000000000,0.263666543,45.000000000,0.000000000000,0.000000000000,0.000000000000,0.000000000000,2.990633008016,0.762012986900,76.201298690
2026-08-26T14:30:00Z,2461279.104166667,42165.479838,403369.765450,151177882.178395,76.989276352,80.192136008,156.052647325,8.690409660,28.690409660,0.246785961,20.000000000,0.263668295,45.000000000,0.000000000000,0.000000000000,0.000000000000,0.000000000000,2.990633254052,0.762012967321,76.201296732
2026-08-26T14:35:00Z,2461279.107638889,42165.456723,404183.742183,151176874.107101,75.863066611,81.421637163,156.131270500,8.690414461,28.690414461,0.246288961,20.000000000,0.263670054,45.000000000,0.000000000000,0.000000000000,0.000000000000,0.000000000000,2.990633506803,0.762012947208,76.201294721
2026-08-26T14:40:00Z,2461279.111111111,42165.432997,404993.550346,151175863.031830,74.739214157,82.651289890,156.212153166,8.690419389,28.690419389,0.245796489,20.000000000,0.263671817,45.000000000,0.000000000000,0.000000000000,0.000000000000,0.000000000000,2.990633766230,0.762012926563,76.201292656
2026-08-26T14:45:00Z,2461279.114583333,42165.408665,405798.848330,151174849.379195,73.617741869,83.881074053,156.295267660,8.690424443,28.690424443,0.245308709,20.000000000,0.263673585,45.000000000,0.000000000000,0.000000000000,0.000000000000,0.000000000000,2.990634032293,0.762012905391,76.201290539
2026-08-26T14:50:00Z,2461279.118055556,42165.383730,406599.298332,151173833.577045,72.498672693,85.110969965,156.380585720,8.690429622,28.690429622,0.244825780,20.000000000,0.263675357,45.000000000,0.000000000000,0.000000000000,0.000000000000,0.000000000000,2.990634304952,0.762012883693,76.201288369
2026-08-26T14:55:00Z,2461279.121527778,42165.358195,407394.566434,151172816.054264,71.382029848,86.340958298,156.468078506,8.690434925,28.690434925,0.244347857,20.000000000,0.263677132,45.000000000,0.000000000000,0.000000000000,0.000000000000,0.000000000000,2.990634584162,0.762012861475,76.201286147
2026-08-26T15:00:00Z,2461279.125000000,42165.332065,408184.322691,151171797.240560,70.267837026,87.571020024,156.557716629,8.690440352,28.690440352,0.243875089,20.000000000,0.263678909,45.000000000,0.000000000000,0.000000000000,0.000000000000,0.000000000000,2.990634869880,0.762012838738,76.201283874
2026-08-26T15:05:00Z,2461279.128472222,42165.305345,408968.241210,151170777.566269,69.156118615,88.801136330,156.649470171,8.690445902,28.690445902,0.243407621,20.000000000,0.263680687,45.000000000,0.000000000000,0.000000000000,0.000000000000,0.000000000000,2.990635162059,0.762012815487,76.201281549
2026-08-26T15:10:00Z,2461279.131944444,42165.278038,409746.000225,151169757.462141,68.046899915,90.031288555,156.743308708,8.690451574,28.690451574,0.242945595,20.000000000,0.263682467,45.000000000,0.000000000000,0.000000000000,0.000000000000,0.000000000000,2.990635460648,0.762012791726,76.201279173
2026-08-26T15:15:00Z,2461279.135416667,42165.250150,410517.282168,151168737.359144,66.940207377,91.261458118,156.839201334,8.690457366,28.690457366,0.242489144,20.000000000,0.263684246,45.000000000,0.000000000000,0.000000000000,0.000000000000,0.000000000000,2.990635765595,0.762012767459,76.201276746
2026-08-26T15:20:00Z,2461279.138888889,42165.221685,411281.773743,151167717.688252,65.836068850,92.491626451,156.937116679,8.690463278,28.690463278,0.242038402,20.000000000,0.263686025,45.000000000,0.000000000000,0.000000000000,0.000000000000,0.000000000000,2.990636076843,0.762012742691,76.201274269
2026-08-26T15:25:00Z,2461279.142361111,42165.192651,412039.165985,151166698.880246,64.734513844,93.721774929,157.037022932,8.690469309,28.690469309,0.241593495,20.000000000,0.263687802,45.000000000,0.000000000000,0.000000000000,0.000000000000,0.000000000000,2.990636394330,0.762012717426,76.201271743
2026-08-26T15:30:00Z,2461279.145833333,42165.163051,412789.154331,151165681.365503,63.635573807,94.951884804,157.138887861,8.690475457,28.690475457,0.241154546,20.000000000,0.263689577,45.000000000,0.000000000000,0.000000000000,0.000000000000,0.000000000000,2.990636717991,0.762012691670,76.201269167
2026-08-26T15:35:00Z,2461279.149305556,42165.132894,413531.438673,151164665.573795,62.539282423,96.181937128,157.242678831,8.690481720,28.690481720,0.240721674,20.000000000,0.263691349,45.000000000,0.000000000000,0.000000000000,0.000000000000,0.000000000000,2.990637047755,0.762012665428,76.201266543
2026-08-26T15:40:00Z,2461279.152777778,42165.102185,414265.723419,151163651.934083,61.445675936,97.411912692,157.348362821,8.690488099,28.690488099,0.240294993,20.000000000,0.263693117,45.000000000,0.000000000000,0.000000000000,0.000000000000,0.000000000000,2.990637383547,0.762012638707,76.201263871
2026-08-26T15:45:00Z,2461279.156250000,42165.070932,414991.717547,151162640.874314,60.354793489,98.641791942,157.455906445,8.690494590,28.690494590,0.239874614,20.000000000,0.263694881,45.000000000,0.000000000000,0.000000000000,0.000000000000,0.000000000000,2.990637725285,0.762012611512,76.201261151
2026-08-26T15:50:00Z,2461279.159722222,42165.039144,415709.134658,151161632.821217,59.266677499,99.871554910,157.565275965,8.690501192,28.690501192,0.239460644,20.000000000,0.263696639,45.000000000,0.000000000000,0.000000000000,0.000000000000,0.000000000000,2.990638072880,0.762012583851,76.201258385
2026-08-26T15:55:00Z,2461279.163194444,42165.006829,416417.693022,151160628.200097,58.181374062,101.101181128,157.676437313,8.690507904,28.690507904,0.239053186,20.000000000,0.263698392,45.000000000,0.000000000000,0.000000000000,0.000000000000,0.000000000000,2.990638426239,0.762012555732,76.201255573
2026-08-26T16:00:00Z,2461279.166666667,42164.973996,417117.115629,151159627.434638,57.098933392,102.330649551,157.789356099,8.690514724,28.690514724,0.238652339,20.000000000,0.263700137,45.000000000,0.000000000000,0.000000000000,0.000000000000,0.000000000000,2.990638785261,0.762012527162,76.201252716
2026-08-26T16:05:00Z,2461279.170138889,42164.940655,417807.130231,151158630.946698,56.019410300,103.559938463,157.903997631,8.690521649,28.690521649,0.238258199,20.000000000,0.263701876,45.000000000,0.000000000000,0.000000000000,0.000000000000,0.000000000000,2.990639149838,0.762012498150,76.201249815
2026-08-26T16:10:00Z,2461279.173611111,42164.906817,418487.469384,151157639.156106,54.942864724,104.789025386,158.020326928,8.690528677,28.690528677,0.237870858,20.000000000,0.263703606,45.000000000,0.000000000000,0.000000000000,0.000000000000,0.000000000000,2.990639519855,0.762012468705,76.201246870
2026-08-26T16:15:00Z,2461279.177083333,42164.872492,419157.870490,151156652.480469,53.869362304,106.017886978,158.138308735,8.690535806,28.690535806,0.237490405,20.000000000,0.263705327,45.000000000,0.000000000000,0.000000000000,0.000000000000,0.000000000000,2.990639895190,0.762012438836,76.201243884
2026-08-26T16:20:00Z,2461279.180555556,42164.837694,419818.075836,151155671.334965,52.798975022,107.246498925,158.257907531,8.690543034,28.690543034,0.237116926,20.000000000,0.263707039,45.000000000,0.000000000000,0.000000000000,0.000000000000,0.000000000000,2.990640275711,0.762012408555,76.201240856
2026-08-26T16:25:00Z,2461279.184027778,42164.802433,420467.832628,151154696.132151,51.731781906,108.474835823,158.379087547,8.690550358,28.690550358,0.236750502,20.000000000,0.263708741,45.000000000,0.000000000000,0.000000000000,0.000000000000,0.000000000000,2.990640661281,0.762012377873,76.201237787
2026-08-26T16:30:00Z,2461279.187500000,42164.766724,421106.893024,151153727.281765,50.667869808,109.702871058,158.501812772,8.690557775,28.690557775,0.236391214,20.000000000,0.263710431,45.000000000,0.000000000000,0.000000000000,0.000000000000,0.000000000000,2.990641051753,0.762012346800,76.201234680
2026-08-26T16:35:00Z,2461279.190972222,42164.730582,421735.014173,151152765.190531,49.607334275,110.930576659,158.626046971,8.690565282,28.690565282,0.236039137,20.000000000,0.263712109,45.000000000,0.000000000000,0.000000000000,0.000000000000,0.000000000000,2.990641446974,0.762012315349,76.201231535
2026-08-26T16:40:00Z,2461279.194444444,42164.694019,422351.958237,151151810.261963,48.550280510,112.157923156,158.751753686,8.690572876,28.690572876,0.235694345,20.000000000,0.263713775,45.000000000,0.000106740444,0.000000000000,0.000000000000,0.000000000000,2.990535106337,0.762020777668,76.202077767
2026-08-26T16:45:00Z,2461279.197916667,42164.657053,422957.492427,151150862.896177,47.496824450,113.384879413,158.878896256,8.690580554,28.690580554,0.235356907,20.000000000,0.263715428,45.000000000,0.002635281327,0.000000000000,0.000000000000,0.000000000000,2.988006969675,0.762221960392,76.222196039
2026-08-26T16:50:00Z,2461279.201388889,42164.619700,423551.389028,151149923.489697,46.447093971,114.611412446,159.007437816,8.690588313,28.690588313,0.235026892,20.000000000,0.263717067,45.000000000,0.006753359256,0.000000000000,0.000000000000,0.000000000000,2.983889300205,0.762549634117,76.254963412
2026-08-26T16:55:00Z,2461279.204861111,42164.581977,424133.425427,151148992.435266,45.401230235,115.837487223,159.137341314,8.690596148,28.690596148,0.234704364,20.000000000,0.263718692,45.000000000,0.011925650298,0.000000000000,0.000000000000,0.000000000000,2.978717421672,0.762961199133,76.296119913
2026-08-26T17:00:00Z,2461279.208333333,42164.543900,424703.384132,151148070.121665,44.359389209,117.063066447,159.268569513,8.690604057,28.690604057,0.234389385,20.000000000,0.263720301,45.000000000,0.017923044750,0.000000000000,0.000000000000,0.000000000000,2.972720443584,0.763438423487,76.343842349
2026-08-26T17:05:00Z,2461279.211805556,42164.505490,425261.052804,151147156.933516,43.321743369,118.288110307,159.401085002,8.690612035,28.690612035,0.234082015,20.000000000,0.263721894,45.000000000,0.024604026784,0.000000000000,0.000000000000,0.000000000000,2.966039881567,0.763970045720,76.397004572
2026-08-26T17:10:00Z,2461279.215277778,42164.466766,425806.224271,151146253.251112,42.288483628,119.512576208,159.534850202,8.690620078,28.690620078,0.233782312,20.000000000,0.263723471,45.000000000,0.031868017417,0.000000000000,0.000000000000,0.000000000000,2.958776314393,0.764548062031,76.454806203
2026-08-26T17:15:00Z,2461279.218750000,42164.427746,426338.696555,151145359.450224,41.259821506,120.736418464,159.669827371,8.690628183,28.690628183,0.233490330,20.000000000,0.263725031,45.000000000,0.039637608681,0.000000000000,0.000000000000,0.000000000000,2.951007149813,0.765166312504,76.516631250
2026-08-26T17:20:00Z,2461279.222222222,42164.388452,426858.272887,151144475.901931,40.235991602,121.959587959,159.805978612,8.690636344,28.690636344,0.233206121,20.000000000,0.263726572,45.000000000,0.047850005634,0.000000000000,0.000000000000,0.000000000000,2.942795182544,0.765819800096,76.581980010
2026-08-26T17:25:00Z,2461279.225694444,42164.348905,427364.761730,151143602.972437,39.217254380,123.182031763,159.943265875,8.690644559,28.690644559,0.232929737,20.000000000,0.263728096,45.000000000,0.056452284389,0.000000000000,0.000000000000,0.000000000000,2.934193336241,0.766504313275,76.650431327
2026-08-26T17:30:00Z,2461279.229166667,42164.309127,427857.976790,151142741.022899,38.203899352,124.403692701,160.081650965,8.690652821,28.690652821,0.232661225,20.000000000,0.263729600,45.000000000,0.065398499534,0.000000000000,0.000000000000,0.000000000000,2.925247556077,0.767216195841,76.721619584
2026-08-26T17:35:00Z,2461279.232638889,42164.269213,428337.736372,151141890.409772,37.196250188,125.624507934,160.221095594,8.690661111,28.690661111,0.232400631,20.000000000,0.263731084,45.000000000,0.074647773738,0.000000000000,0.000000000000,0.000000000000,2.915998718342,0.767952194963,76.795219496
2026-08-26T17:40:00Z,2461279.236111111,42164.229335,428803.863460,151141051.484599,36.194668875,126.844408381,160.361561365,8.690669394,28.690669394,0.232148001,20.000000000,0.263732548,45.000000000,0.084162977999,0.000000000000,0.000000000000,0.000000000000,2.906483950159,0.768709356157,76.870935616
2026-08-26T17:45:00Z,2461279.239583333,42164.189514,429256.187831,151140224.592230,35.199555685,128.063321034,160.503009645,8.690677666,28.690677666,0.231903376,20.000000000,0.263733991,45.000000000,0.093909816350,0.000000000000,0.000000000000,0.000000000000,2.896737547268,0.769484950256,76.948495026
2026-08-26T17:50:00Z,2461279.243055556,42164.149763,429694.544622,151139410.071752,34.211357613,129.281166347,160.645401666,8.690685922,28.690685922,0.231666796,20.000000000,0.263735412,45.000000000,0.103856066617,0.000000000000,0.000000000000,0.000000000000,2.886791731681,0.770276413113,77.027641311
2026-08-26T17:55:00Z,2461279.246527778,42164.110099,430118.774300,151138608.256355,33.230574624,130.497857368,160.788698528,8.690694161,28.690694161,0.231438300,20.000000000,0.263736811,45.000000000,0.113970997673,0.000000000000,0.000000000000,0.000000000000,2.876677234366,0.771081299235,77.108129924
2026-08-26T18:00:00Z,2461279.250000000,42164.070534,430528.722669,151137819.473184,32.257766694,131.713298801,160.932861207,8.690702379,28.690702379,0.231217924,20.000000000,0.263738188,45.000000000,0.124224889210,0.000000000000,0.000000000000,0.000000000000,2.866423775482,0.771897243568,77.189724357
2026-08-26T18:05:00Z,2461279.253472222,42164.031083,430924.240883,151137044.043179,31.293561868,132.927385943,161.077850553,8.690710574,28.690710574,0.231005703,20.000000000,0.263739541,45.000000000,0.134588620601,0.000000000000,0.000000000000,0.000000000000,2.856060475511,0.772721928776,77.272192878
2026-08-26T18:10:00Z,2461279.256944444,42163.991756,431305.185452,151136282.280924,30.338665490,134.140003447,161.223627296,8.690718742,28.690718742,0.230801669,20.000000000,0.263740870,45.000000000,0.145033306464,0.000000000000,0.000000000000,0.000000000000,2.845616219697,0.773553056246,77.355305625
2026-08-26T18:15:00Z,2461279.260416667,42163.952568,431671.418251,151135534.494493,29.393870755,135.351023903,161.370152040,8.690726882,28.690726882,0.230605854,20.000000000,0.263742175,45.000000000,0.155529963483,0.000000000000,0.000000000000,0.000000000000,2.835119991223,0.774388319569,77.438831957
2026-08-26T18:20:00Z,2461279.263888889,42163.913528,432022.806533,151134800.985313,28.460070766,136.560306179,161.517385273,8.690734991,28.690734991,0.230418288,20.000000000,0.263743455,45.000000000,0.166049197369,0.000000000000,0.000000000000,0.000000000000,2.824601184251,0.775225379632,77.522537963
2026-08-26T18:25:00Z,2461279.267361111,42163.874649,432359.222929,151134082.048014,27.538272267,137.767693501,161.665287358,8.690743067,28.690743067,0.230239000,20.000000000,0.263744710,45.000000000,0.176560902554,0.000000000000,0.000000000000,0.000000000000,2.814089904225,0.776061840719,77.606184072
2026-08-26T18:30:00Z,2461279.270833333,42163.835941,432680.545460,151133377.970292,26.629611233,138.973011202,161.813818544,8.690751107,28.690751107,0.230068016,20.000000000,0.263745938,45.000000000,0.187033969756,0.000000000000,0.000000000000,0.000000000000,2.803617260311,0.776895227242,77.689522724
2026-08-26T18:35:00Z,2461279.274305556,42163.797415,432986.657540,151132689.032772,25.735370462,140.176064085,161.962938955,8.690759110,28.690759110,0.229905362,20.000000000,0.263747141,45.000000000,0.197435999492,0.000000000000,0.000000000000,0.000000000000,2.793215651879,0.777722960941,77.772296094
2026-08-26T18:40:00Z,2461279.277777778,42163.759080,433277.447987,151132015.508875,24.856999300,141.376633314,162.112608598,8.690767072,28.690767072,0.229751063,20.000000000,0.263748316,45.000000000,0.207733022146,0.000000000000,0.000000000000,0.000000000000,2.782919048437,0.778542338608,77.854233861
2026-08-26T18:45:00Z,2461279.281250000,42163.720947,433552.811021,151131357.664689,23.996135496,142.574472745,162.262787359,8.690774993,28.690774993,0.229605140,20.000000000,0.263749464,45.000000000,0.217889228746,0.000000000000,0.000000000000,0.000000000000,2.772763258847,0.779350510665,77.935051067
2026-08-26T18:50:00Z,2461279.284722222,42163.683024,433812.646277,151130715.758842,23.154629101,143.769304569,162.413435004,8.690782870,28.690782870,0.229467615,20.000000000,0.263750584,45.000000000,0.227866720286,0.000000000000,0.000000000000,0.000000000000,2.762786182018,0.780144461213,78.014446121
2026-08-26T18:55:00Z,2461279.288194444,42163.645321,434056.858806,151130090.042380,22.334568047,144.960814110,162.564511174,8.690790702,28.690790702,0.229338510,20.000000000,0.263751676,45.000000000,0.237625288517,0.000000000000,0.000000000000,0.000000000000,2.753028026094,0.780920990588,78.092099059
2026-08-26T19:00:00Z,2461279.291666667,42163.607846,434285.359077,151129480.758648,21.538304756,146.148643612,162.715975389,8.690798486,28.690798486,0.229217842,20.000000000,0.263752740,45.000000000,0.247122246806,0.000000000000,0.000000000000,0.000000000000,2.743531477612,0.781676701905,78.167670190
2026-08-26T19:05:00Z,2461279.295138889,42163.570609,434498.062987,151128888.143174,20.768482606,147.332384749,162.867787044,8.690806221,28.690806221,0.229105630,20.000000000,0.263753774,45.000000000,0.256312336425,0.000000000000,0.000000000000,0.000000000000,2.734341795202,0.782407993595,78.240799360
2026-08-26T19:10:00Z,2461279.298611111,42163.533618,434694.891861,151128312.423557,20.028060449,148.511569588,163.019905408,8.690813904,28.690813904,0.229001891,20.000000000,0.263754779,45.000000000,0.265147739636,0.000000000000,0.000000000000,0.000000000000,2.725506796509,0.783111060453,78.311106045
2026-08-26T19:15:00Z,2461279.302083333,42163.496883,434875.772457,151127753.819361,19.320332483,149.685659612,163.172289619,8.690821535,28.690821535,0.228906641,20.000000000,0.263755754,45.000000000,0.273578245076,0.000000000000,0.000000000000,0.000000000000,2.717076692801,0.783781906790,78.378190679
2026-08-26T19:20:00Z,2461279.305555556,42163.460410,435040.636968,151127212.542008,18.648939709,150.854032328,163.324898690,8.690829111,28.690829111,0.228819893,20.000000000,0.263756698,45.000000000,0.281551602335,0.000000000000,0.000000000000,0.000000000000,2.709103734392,0.784416374661,78.441637466
2026-08-26T19:25:00Z,2461279.309027778,42163.424210,435189.423029,151126688.794680,18.017867965,152.015964853,163.477691499,8.690836630,28.690836630,0.228741662,20.000000000,0.263757612,45.000000000,0.289014088254,0.000000000000,0.000000000000,0.000000000000,2.701641644348,0.785010188920,78.501018892
2026-08-26T19:30:00Z,2461279.312500000,42163.388291,435322.073716,151126182.772219,17.431426323,153.170613696,163.630626791,8.690844091,28.690844091,0.228671959,20.000000000,0.263758495,45.000000000,0.295911362024,0.000000000000,0.000000000000,0.000000000000,2.694744763381,0.785559025268,78.555902527
2026-08-26T19:35:00Z,2461279.315972222,42163.352662,435438.537551,151125694.661040,16.894198727,154.316989743,163.783663175,8.690851492,28.690851492,0.228610798,20.000000000,0.263759347,45.000000000,0.302189568953,0.000000000000,0.000000000000,0.000000000000,2.688466946086,0.786058598096,78.605859810
2026-08-26T19:40:00Z,2461279.319444444,42163.317331,435538.768506,151125224.639038,16.410961682,155.453927158,163.936759124,8.690858831,28.690858831,0.228558187,20.000000000,0.263760168,45.000000000,0.307796677464,0.000000000000,0.000000000000,0.000000000000,2.682860223945,0.786504766867,78.650476687
2026-08-26T19:45:00Z,2461279.322916667,42163.282308,435622.726002,151124772.875501,15.986562159,156.580044574,164.089872967,8.690866106,28.690866106,0.228514137,20.000000000,0.263760956,45.000000000,0.312683959875,0.000000000000,0.000000000000,0.000000000000,2.677973324537,0.786893653966,78.689365397
2026-08-26T19:50:00Z,2461279.326388889,42163.247603,435690.374917,151124339.531038,15.625753410,157.693696502,164.242962896,8.690873315,28.690873315,0.228478656,20.000000000,0.263761713,45.000000000,0.316807478931,0.000000000000,0.000000000000,0.000000000000,2.673850185015,0.787221762984,78.722176298
2026-08-26T19:55:00Z,2461279.329861111,42163.213224,435741.685583,151123924.757492,15.332992400,158.792912328,164.395986953,8.690880456,28.690880456,0.228451751,20.000000000,0.263762436,45.000000000,0.320129411076,0.000000000000,0.000000000000,0.000000000000,2.670528628830,0.787486084027,78.748608403
2026-08-26T20:00:00Z,2461279.333333333,42163.179182,435776.633792,151123528.697876,15.112210771,159.875319682,164.548903038,8.690887527,28.690887527,0.228433430,20.000000000,0.263763128,45.000000000,0.322619051722,0.000000000000,0.000000000000,0.000000000000,2.668039360461,0.787684173709,78.768417371
2026-08-26T20:05:00Z,2461279.336805556,42163.145487,435795.200797,151123151.486299,14.966580256,160.938048280,164.701668901,8.690894527,28.690894527,0.228423697,20.000000000,0.263763786,45.000000000,0.324253419814,0.000000000000,0.000000000000,0.000000000000,2.666405360853,0.787814203267,78.781420327
2026-08-26T20:10:00Z,2461279.340277778,42163.112150,435797.373316,151122793.247904,14.898300577,161.977609854,164.854242143,8.690901451,28.690901451,0.228422559,20.000000000,0.263764411,45.000000000,0.325017493640,0.000000000000,0.000000000000,0.000000000000,2.665641651603,0.787874977318,78.787497732
2026-08-26T20:15:00Z,2461279.343750000,42163.079181,435783.143531,151122454.098809,14.908440199,162.989749663,165.006580214,8.690908300,28.690908300,0.228430017,20.000000000,0.263765003,45.000000000,0.324904217046,0.000000000000,0.000000000000,0.000000000000,2.665755288743,0.787865934362,78.786593436
2026-08-26T20:20:00Z,2461279.347222222,42163.046592,435752.509092,151122134.146048,14.996855504,163.969266113,165.158640410,8.690915069,28.690915069,0.228446077,20.000000000,0.263765562,45.000000000,0.323914452938,0.000000000000,0.000000000000,0.000000000000,2.666745409247,0.787787143075,78.778714308
2026-08-26T20:25:00Z,2461279.350694444,42163.014393,435705.473120,151121833.487524,15.162202222,164.909798336,165.310379874,8.690921758,28.690921758,0.228470738,20.000000000,0.263766086,45.000000000,0.322056997821,0.000000000000,0.000000000000,0.000000000000,2.668603216481,0.787639303473,78.763930347
2026-08-26T20:30:00Z,2461279.354166667,42162.982599,435642.044207,151121552.211958,15.402037110,165.803589264,165.461755595,8.690928362,28.690928362,0.228504004,20.000000000,0.263766577,45.000000000,0.319348639157,0.000000000000,0.000000000000,0.000000000000,2.671311922854,0.787423751469,78.742375147
2026-08-26T20:35:00Z,2461279.357638889,42162.951219,435562.236418,151121290.398846,15.712992655,166.641247072,165.612724408,8.690934880,28.690934880,0.228545872,20.000000000,0.263767034,45.000000000,0.315814116254,0.000000000000,0.000000000000,0.000000000000,2.674846788920,0.787142455765,78.714245576
2026-08-26T20:40:00Z,2461279.361111111,42162.920269,435466.069295,151121048.118424,16.090997364,167.411554676,165.763242992,8.690941309,28.690941309,0.228596344,20.000000000,0.263767457,45.000000000,0.311485807416,0.000000000000,0.000000000000,0.000000000000,2.679175436236,0.786797992956,78.679799296
2026-08-26T20:45:00Z,2461279.364583333,42162.889760,435353.567856,151120825.431628,16.531511267,168.101417905,165.913267873,8.690947647,28.690947647,0.228655417,20.000000000,0.263767846,45.000000000,0.306403026519,0.000000000000,0.000000000000,0.000000000000,2.684258550782,0.786393491553,78.639349155
2026-08-26T20:50:00Z,2461279.368055556,42162.859706,435224.762598,151120622.390071,17.029749987,168.696092801,166.062755425,8.690953890,28.690953890,0.228723088,20.000000000,0.263768200,45.000000000,0.300610927564,0.000000000000,0.000000000000,0.000000000000,2.690050978407,0.785932544809,78.593254481
2026-08-26T20:55:00Z,2461279.371527778,42162.830121,435079.689498,151120439.036011,17.580878635,169.179867531,166.211661868,8.690960035,28.690960035,0.228799354,20.000000000,0.263768520,45.000000000,0.294159123600,0.000000000000,0.000000000000,0.000000000000,2.696503105912,0.785419100816,78.541910082
2026-08-26T21:00:00Z,2461279.375000000,42162.801020,434918.390013,151120275.402336,18.180165764,169.537341937,166.359943277,8.690966080,28.690966080,0.228884210,20.000000000,0.263768806,45.000000000,0.287100184154,0.000000000000,0.000000000000,0.000000000000,2.703562363610,0.784857342937,78.485734294
2026-08-26T21:05:00Z,2461279.378472222,42162.772417,434740.911086,151120131.512539,18.823095354,169.755281456,166.507555578,8.690972022,28.690972022,0.228977650,20.000000000,0.263769057,45.000000000,0.279488176410,0.000000000000,0.000000000000,0.000000000000,2.711174684158,0.784251573715,78.425157372
2026-08-26T21:10:00Z,2461279.381944444,42162.744328,434547.305141,151120007.380716,19.505440248,169.824712026,166.654454559,8.690977857,28.690977857,0.229079668,20.000000000,0.263769274,45.000000000,0.271377376795,0.000000000000,0.000000000000,0.000000000000,2.719285790962,0.783606112344,78.360611234
2026-08-26T21:15:00Z,2461279.385416667,42162.716767,434337.630086,151119903.011550,20.223303347,169.742613961,166.800595870,8.690983582,28.690983582,0.229190256,20.000000000,0.263769456,45.000000000,0.262821229645,0.000000000000,0.000000000000,0.000000000000,2.727842239520,0.782925211803,78.292521180
2026-08-26T21:20:00Z,2461279.388888889,42162.689751,434111.949316,151119818.400311,20.973133846,169.512542423,166.945935028,8.690989194,28.690989194,0.229309406,20.000000000,0.263769604,45.000000000,0.253871551619,0.000000000000,0.000000000000,0.000000000000,2.736792213000,0.782212995543,78.221299554
2026-08-26T21:25:00Z,2461279.392361111,42162.663295,433870.331710,151119753.532856,21.751725459,169.143899151,167.090427429,8.690994689,28.690994689,0.229437106,20.000000000,0.263769717,45.000000000,0.244578035813,0.000000000000,0.000000000000,0.000000000000,2.746086018132,0.781473418029,78.147341803
2026-08-26T21:30:00Z,2461279.395833333,42162.637416,433612.851635,151119708.385637,22.556202564,168.650177162,167.234028352,8.691000065,28.691000065,0.229573347,20.000000000,0.263769796,45.000000000,0.234987935501,0.000000000000,0.000000000000,0.000000000000,2.755676401464,0.780710239573,78.071023957
2026-08-26T21:35:00Z,2461279.399305556,42162.612130,433339.588942,151119682.925706,23.383998961,168.046864694,167.376692971,8.691005317,28.691005317,0.229718116,20.000000000,0.263769840,45.000000000,0.225145944268,0.000000000000,0.000000000000,0.000000000000,2.765518669232,0.779927016789,77.992701679
2026-08-26T21:40:00Z,2461279.402777778,42162.587453,433050.628968,151119677.110736,24.232832724,167.349631388,167.518376361,8.691010443,28.691010443,0.229871400,20.000000000,0.263769850,45.000000000,0.215094212204,0.000000000000,0.000000000000,0.000000000000,2.775570671163,0.779127103892,77.912710389
2026-08-26T21:45:00Z,2461279.406250000,42162.563403,432746.062534,151119690.889033,25.100679622,166.573101017,167.659033517,8.691015439,28.691015439,0.230033184,20.000000000,0.263769826,45.000000000,0.204872461363,0.000000000000,0.000000000000,0.000000000000,2.785792685022,0.778313661875,77.831366187
2026-08-26T21:50:00Z,2461279.409722222,42162.539997,432425.985947,151119724.199566,25.985746724,165.730214060,167.798619362,8.691020301,28.691020301,0.230203453,20.000000000,0.263769768,45.000000000,0.194518170172,0.000000000000,0.000000000000,0.000000000000,2.796147232193,0.777489673192,77.748967319
2026-08-26T21:55:00Z,2461279.413194444,42162.517250,432090.500996,151119776.971990,26.886447229,164.832030090,167.937088766,8.691025026,28.691025026,0.230382189,20.000000000,0.263769676,45.000000000,0.184066803032,0.000000000000,0.000000000000,0.000000000000,2.806598848094,0.776657960025,77.665796002
2026-08-26T22:00:00Z,2461279.416666667,42162.495181,431739.714950,151119849.126679,27.801377084,163.887795798,168.074396561,8.691029611,28.691029611,0.230569374,20.000000000,0.263769550,45.000000000,0.173552068120,0.000000000000,0.000000000000,0.000000000000,2.817113824359,0.775821204800,77.582120480
2026-08-26T22:05:00Z,2461279.420138889,42162.473807,431373.740557,151119940.574766,28.729293675,162.905142247,168.210497562,8.691034051,28.691034051,0.230764989,20.000000000,0.263769390,45.000000000,0.163006191792,0.000000000000,0.000000000000,0.000000000000,2.827659934447,0.774981972025,77.498197202
2026-08-26T22:10:00Z,2461279.423611111,42162.453143,430992.696044,151120051.218180,29.669096662,161.890324705,168.345346587,8.691038343,28.691038343,0.230969011,20.000000000,0.263769197,45.000000000,0.152460202866,0.000000000000,0.000000000000,0.000000000000,2.838206149355,0.774142730908,77.414273091
2026-08-26T22:15:00Z,2461279.427083333,42162.433208,430596.705107,151120180.949695,30.619810915,160.848458087,168.478898480,8.691042484,28.691042484,0.231181419,20.000000000,0.263768971,45.000000000,0.141944223618,0.000000000000,0.000000000000,0.000000000000,2.848722346621,0.773305878519,77.330587852
2026-08-26T22:20:00Z,2461279.430555556,42162.414017,430185.896917,151120329.652977,31.580571406,159.783726834,168.611108140,8.691046471,28.691046471,0.231402188,20.000000000,0.263768711,45.000000000,0.131487767738,0.000000000000,0.000000000000,0.000000000000,2.859179012375,0.772473763498,77.247376350
2026-08-26T22:25:00Z,2461279.434027778,42162.395588,429760.406106,151120497.202640,32.550609933,158.699562536,168.741930542,8.691050299,28.691050299,0.231631293,20.000000000,0.263768419,45.000000000,0.121120048044,0.000000000000,0.000000000000,0.000000000000,2.869546933615,0.771648710540,77.164871054
2026-08-26T22:30:00Z,2461279.437500000,42162.377937,429320.372770,151120683.464306,33.529243451,157.598789886,168.871320778,8.691053966,28.691053966,0.231868705,20.000000000,0.263768094,45.000000000,0.110870299781,0.000000000000,0.000000000000,0.000000000000,2.879796874921,0.770833046128,77.083304613
2026-08-26T22:35:00Z,2461279.440972222,42162.361079,428865.942458,151120888.294666,34.515863882,156.483744570,168.999234079,8.691057468,28.691057468,0.232114397,20.000000000,0.263767736,45.000000000,0.100768128094,0.000000000000,0.000000000000,0.000000000000,2.889899230971,0.770029126177,77.002912618
2026-08-26T22:40:00Z,2461279.444444444,42162.345031,428397.266321,151121111.541442,35.509928872,155.356367969,169.125625829,8.691060801,28.691060801,0.232368337,20.000000000,0.263767347,45.000000000,0.090843895577,0.000000000000,0.000000000000,0.000000000000,2.899823639001,0.769239366879,76.923936688
2026-08-26T22:45:00Z,2461279.447916667,42162.329798,427914.504544,151121353.041059,36.510946785,154.218289807,169.250450893,8.691063966,28.691063966,0.232630490,20.000000000,0.263766925,45.000000000,0.081129229957,0.000000000000,0.000000000000,0.000000000000,2.909538471211,0.768466285095,76.846628510
2026-08-26T22:50:00Z,2461279.451388889,42162.315384,427417.820799,151121612.622577,37.518482148,153.070874854,169.373664766,8.691066960,28.691066960,0.232900821,20.000000000,0.263766472,45.000000000,0.071657418545,0.000000000000,0.000000000000,0.000000000000,2.919010440264,0.767712529748,76.771252975
2026-08-26T22:55:00Z,2461279.454861111,42162.301791,426907.382586,151121890.107534,38.532148484,151.915272305,169.495223566,8.691069783,28.691069783,0.233179294,20.000000000,0.263765988,45.000000000,0.062464063414,0.000000000000,0.000000000000,0.000000000000,2.928203944050,0.766980933962,76.698093396
2026-08-26T23:00:00Z,2461279.458333333,42162.289023,426383.362788,151122185.308943,39.551599668,150.752457576,169.615083765,8.691072436,28.691072436,0.233465870,20.000000000,0.263765472,45.000000000,0.053587931920,0.000000000000,0.000000000000,0.000000000000,2.937080215177,0.766274582749,76.627458275
2026-08-26T23:05:00Z,2461279.461805556,42162.277083,425845.939664,151122498.031380,40.576525379,149.583262824,169.733202245,8.691074916,28.691074916,0.233760509,20.000000000,0.263764927,45.000000000,0.045072043205,0.000000000000,0.000000000000,0.000000000000,2.945596234474,0.765596899465,76.559689947
2026-08-26T23:10:00Z,2461279.465277778,42162.265974,425295.296832,151122828.071077,41.606647119,148.408401510,169.849536352,8.691077224,28.691077224,0.234063167,20.000000000,0.263764351,45.000000000,0.036965183255,0.000000000000,0.000000000000,0.000000000000,2.953703215922,0.764951766380,76.495176638
2026-08-26T23:15:00Z,2461279.468750000,42162.255697,424731.623258,151123175.216020,42.641714720,147.228488250,169.964043953,8.691079358,28.691079358,0.234373801,20.000000000,0.263763745,45.000000000,0.029324130008,0.000000000000,0.000000000000,0.000000000000,2.961344381556,0.764343701739,76.434370174
2026-08-26T23:20:00Z,2461279.472222222,42162.246257,424155.113245,151123539.246050,43.681503270,146.044054949,170.076683495,8.691081320,28.691081320,0.234692363,20.000000000,0.263763109,45.000000000,0.022217131603,0.000000000000,0.000000000000,0.000000000000,2.968451483209,0.763778136559,76.377813656
2026-08-26T23:25:00Z,2461279.475694444,42162.237654,423565.966411,151123919.932969,44.725810416,144.855563956,170.187414073,8.691083107,28.691083107,0.235018803,20.000000000,0.263762445,45.000000000,0.015729793311,0.000000000000,0.000000000000,0.000000000000,2.974938915586,0.763261883094,76.326188309
2026-08-26T23:30:00Z,2461279.479166667,42162.229891,422964.387683,151124317.040645,45.774453976,143.663418859,170.296195494,8.691084719,28.691084719,0.235353070,20.000000000,0.263761752,45.000000000,0.009976191134,0.000000000000,0.000000000000,0.000000000000,2.980692602661,0.762804019225,76.280401922
2026-08-26T23:35:00Z,2461279.482638889,42162.222970,422350.587273,151124730.325130,46.827269841,142.467973378,170.402988350,8.691086157,28.691086157,0.235695110,20.000000000,0.263761030,45.000000000,0.005123644844,0.000000000000,0.000000000000,0.000000000000,2.985545224636,0.762417859837,76.241785984
2026-08-26T23:40:00Z,2461279.486111111,42162.216894,421724.780661,151125159.534774,47.884110109,141.269538728,170.507754088,8.691087419,28.691087419,0.236044865,20.000000000,0.263760281,45.000000000,0.001467578420,0.000000000000,0.000000000000,0.000000000000,2.989201357514,0.762126914027,76.212691403
2026-08-26T23:45:00Z,2461279.489583333,42162.211664,421087.188580,151125604.410341,48.944841435,140.068389744,170.610455085,8.691088506,28.691088506,0.236402276,20.000000000,0.263759505,45.000000000,0.000000000000,0.000000000000,0.000000000000,0.000000000000,2.990668993133,0.762010123296,76.201012330
2026-08-26T23:50:00Z,2461279.493055556,42162.207282,420438.036992,151126064.685140,50.009343566,138.864769994,170.711054727,8.691089416,28.691089416,0.236767281,20.000000000,0.263758702,45.000000000,0.000000000000,0.000000000000,0.000000000000,0.000000000000,2.990669041059,0.762010119482,76.201011948
2026-08-26T23:55:00Z,2461279.496527778,42162.203749,419777.557068,151126540.085142,51.077508033,137.658896075,170.809517489,8.691090150,28.691090150,0.237139813,20.000000000,0.263757872,45.000000000,0.000000000000,0.000000000000,0.000000000000,0.000000000000,2.990669079691,0.762010116408,76.201011641
2026-08-27T00:00:00Z,2461279.500000000,42162.201068,419105.985165,151127030.329123,52.149236990,136.450961231,170.905809012,8.691090707,28.691090707,0.237519806,20.000000000,0.263757016,45.000000000,0.000000000000,0.000000000000,0.000000000000,0.000000000000,2.990669109013,0.762010114074,76.201011407
